partner,source_sheet,section,entity,metric,student_group,school_year,value,notes,record_type,student_count,category,location,period,circulation,program_attendance,visitation,enrollment_count,books_read,met_minimum,books_distributed
Lumbee,New Lumbee Reading Data,North Carolina School Report Cards,Pembroke Elementary,Grade Level Proficient (Levels 3-5),,2016-17,0.327,,reading_assessment,,,,,,,,,,,
Lumbee,New Lumbee Reading Data,North Carolina School Report Cards,Pembroke Elementary,Grade Level Proficient (Levels 3-5),,2017-18,0.377,,reading_assessment,,,,,,,,,,,
Lumbee,New Lumbee Reading Data,North Carolina School Report Cards,Pembroke Elementary,Grade Level Proficient (Levels 3-5),,2018-19,0.398,,reading_assessment,,,,,,,,,,,
Lumbee,New Lumbee Reading Data,North Carolina School Report Cards,Pembroke Elementary,Grade Level Proficient (Levels 3-5),,2019-20,--,,reading_assessment,,,,,,,,,,,
Lumbee,New Lumbee Reading Data,North Carolina School Report Cards,Pembroke Elementary,Grade Level Proficient (Levels 3-5),,2020-21,0.272,,reading_assessment,,,,,,,,,,,
Lumbee,New Lumbee Reading Data,North Carolina School Report Cards,Pembroke Elementary,Grade Level Proficient (Levels 3-5),,2021-22,0.277,,reading_assessment,,,,,,,,,,,
Lumbee,New Lumbee Reading Data,North Carolina School Report Cards,Pembroke Elementary,Grade Level Proficient (Levels 3-5),,2022-23,0.271,,reading_assessment,,,,,,,,,,,
Lumbee,New Lumbee Reading Data,North Carolina School Report Cards,Pembroke Elementary,Grade Level Proficient (Levels 3-5),,2023-24,0.295,,reading_assessment,,,,,,,,,,,
Lumbee,New Lumbee Reading Data,North Carolina School Report Cards,Pembroke Elementary,Grade Level Proficient (Levels 3-5),,2024-25,0.378,,reading_assessment,,,,,,,,,,,
Lumbee,New Lumbee Reading Data,North Carolina School Report Cards,Robeson County Schools,Grade Level Proficient (Levels 3-5),,2016-17,0.364,,reading_assessment,,,,,,,,,,,
Lumbee,New Lumbee Reading Data,North Carolina School Report Cards,Robeson County Schools,Grade Level Proficient (Levels 3-5),,2017-18,0.382,,reading_assessment,,,,,,,,,,,
Lumbee,New Lumbee Reading Data,North Carolina School Report Cards,Robeson County Schools,Grade Level Proficient (Levels 3-5),,2018-19,0.364,,reading_assessment,,,,,,,,,,,
Lumbee,New Lumbee Reading Data,North Carolina School Report Cards,Robeson County Schools,Grade Level Proficient (Levels 3-5),,2019-20,--,,reading_assessment,,,,,,,,,,,
Lumbee,New Lumbee Reading Data,North Carolina School Report Cards,Robeson County Schools,Grade Level Proficient (Levels 3-5),,2020-21,0.23,,reading_assessment,,,,,,,,,,,
Lumbee,New Lumbee Reading Data,North Carolina School Report Cards,Robeson County Schools,Grade Level Proficient (Levels 3-5),,2021-22,0.272,,reading_assessment,,,,,,,,,,,
Lumbee,New Lumbee Reading Data,North Carolina School Report Cards,Robeson County Schools,Grade Level Proficient (Levels 3-5),,2022-23,0.31,,reading_assessment,,,,,,,,,,,
Lumbee,New Lumbee Reading Data,North Carolina School Report Cards,Robeson County Schools,Grade Level Proficient (Levels 3-5),,2023-24,0.297,,reading_assessment,,,,,,,,,,,
Lumbee,New Lumbee Reading Data,North Carolina School Report Cards,Robeson County Schools,Grade Level Proficient (Levels 3-5),,2024-25,0.324,,reading_assessment,,,,,,,,,,,
Lumbee,New Lumbee Reading Data,North Carolina School Report Cards,State of North Carolina,Grade Level Proficient (Levels 3-5),,2016-17,0.575,,reading_assessment,,,,,,,,,,,
Lumbee,New Lumbee Reading Data,North Carolina School Report Cards,State of North Carolina,Grade Level Proficient (Levels 3-5),,2017-18,0.573,,reading_assessment,,,,,,,,,,,
Lumbee,New Lumbee Reading Data,North Carolina School Report Cards,State of North Carolina,Grade Level Proficient (Levels 3-5),,2018-19,0.572,,reading_assessment,,,,,,,,,,,
Lumbee,New Lumbee Reading Data,North Carolina School Report Cards,State of North Carolina,Grade Level Proficient (Levels 3-5),,2019-20,--,,reading_assessment,,,,,,,,,,,
Lumbee,New Lumbee Reading Data,North Carolina School Report Cards,State of North Carolina,Grade Level Proficient (Levels 3-5),,2020-21,0.456,,reading_assessment,,,,,,,,,,,
Lumbee,New Lumbee Reading Data,North Carolina School Report Cards,State of North Carolina,Grade Level Proficient (Levels 3-5),,2021-22,0.484,,reading_assessment,,,,,,,,,,,
Lumbee,New Lumbee Reading Data,North Carolina School Report Cards,State of North Carolina,Grade Level Proficient (Levels 3-5),,2022-23,0.502,,reading_assessment,,,,,,,,,,,
Lumbee,New Lumbee Reading Data,North Carolina School Report Cards,State of North Carolina,Grade Level Proficient (Levels 3-5),,2023-24,0.501,,reading_assessment,,,,,,,,,,,
Lumbee,New Lumbee Reading Data,North Carolina School Report Cards,State of North Carolina,Grade Level Proficient (Levels 3-5),,2024-25,0.525,,reading_assessment,,,,,,,,,,,
Lumbee,New Lumbee Reading Data,North Carolina School Report Cards,Pembroke Elementary,Career and College Ready (Levels 4-5),,2016-17,0.196,,reading_assessment,,,,,,,,,,,
Lumbee,New Lumbee Reading Data,North Carolina School Report Cards,Pembroke Elementary,Career and College Ready (Levels 4-5),,2017-18,0.263,,reading_assessment,,,,,,,,,,,
Lumbee,New Lumbee Reading Data,North Carolina School Report Cards,Pembroke Elementary,Career and College Ready (Levels 4-5),,2018-19,0.264,,reading_assessment,,,,,,,,,,,
Lumbee,New Lumbee Reading Data,North Carolina School Report Cards,Pembroke Elementary,Career and College Ready (Levels 4-5),,2019-20,--,,reading_assessment,,,,,,,,,,,
Lumbee,New Lumbee Reading Data,North Carolina School Report Cards,Pembroke Elementary,Career and College Ready (Levels 4-5),,2020-21,0.17,,reading_assessment,,,,,,,,,,,
Lumbee,New Lumbee Reading Data,North Carolina School Report Cards,Pembroke Elementary,Career and College Ready (Levels 4-5),,2021-22,0.137,,reading_assessment,,,,,,,,,,,
Lumbee,New Lumbee Reading Data,North Carolina School Report Cards,Pembroke Elementary,Career and College Ready (Levels 4-5),,2022-23,0.14,,reading_assessment,,,,,,,,,,,
Lumbee,New Lumbee Reading Data,North Carolina School Report Cards,Pembroke Elementary,Career and College Ready (Levels 4-5),,2023-24,0.151,,reading_assessment,,,,,,,,,,,
Lumbee,New Lumbee Reading Data,North Carolina School Report Cards,Pembroke Elementary,Career and College Ready (Levels 4-5),,2024-25,0.176,,reading_assessment,,,,,,,,,,,
Lumbee,New Lumbee Reading Data,North Carolina School Report Cards,Robeson County Schools,Career and College Ready (Levels 4-5),,2016-17,0.244,,reading_assessment,,,,,,,,,,,
Lumbee,New Lumbee Reading Data,North Carolina School Report Cards,Robeson County Schools,Career and College Ready (Levels 4-5),,2017-18,0.269,,reading_assessment,,,,,,,,,,,
Lumbee,New Lumbee Reading Data,North Carolina School Report Cards,Robeson County Schools,Career and College Ready (Levels 4-5),,2018-19,0.25,,reading_assessment,,,,,,,,,,,
Lumbee,New Lumbee Reading Data,North Carolina School Report Cards,Robeson County Schools,Career and College Ready (Levels 4-5),,2019-20,--,,reading_assessment,,,,,,,,,,,
Lumbee,New Lumbee Reading Data,North Carolina School Report Cards,Robeson County Schools,Career and College Ready (Levels 4-5),,2020-21,0.112,,reading_assessment,,,,,,,,,,,
Lumbee,New Lumbee Reading Data,North Carolina School Report Cards,Robeson County Schools,Career and College Ready (Levels 4-5),,2021-22,0.119,,reading_assessment,,,,,,,,,,,
Lumbee,New Lumbee Reading Data,North Carolina School Report Cards,Robeson County Schools,Career and College Ready (Levels 4-5),,2022-23,0.135,,reading_assessment,,,,,,,,,,,
Lumbee,New Lumbee Reading Data,North Carolina School Report Cards,Robeson County Schools,Career and College Ready (Levels 4-5),,2023-24,0.136,,reading_assessment,,,,,,,,,,,
Lumbee,New Lumbee Reading Data,North Carolina School Report Cards,Robeson County Schools,Career and College Ready (Levels 4-5),,2024-25,0.139,,reading_assessment,,,,,,,,,,,
Lumbee,New Lumbee Reading Data,North Carolina School Report Cards,State of North Carolina,Career and College Ready (Levels 4-5),,2016-17,0.455,,reading_assessment,,,,,,,,,,,
Lumbee,New Lumbee Reading Data,North Carolina School Report Cards,State of North Carolina,Career and College Ready (Levels 4-5),,2017-18,0.46,,reading_assessment,,,,,,,,,,,
Lumbee,New Lumbee Reading Data,North Carolina School Report Cards,State of North Carolina,Career and College Ready (Levels 4-5),,2018-19,0.452,,reading_assessment,,,,,,,,,,,
Lumbee,New Lumbee Reading Data,North Carolina School Report Cards,State of North Carolina,Career and College Ready (Levels 4-5),,2019-20,--,,reading_assessment,,,,,,,,,,,
Lumbee,New Lumbee Reading Data,North Carolina School Report Cards,State of North Carolina,Career and College Ready (Levels 4-5),,2020-21,0.289,,reading_assessment,,,,,,,,,,,
Lumbee,New Lumbee Reading Data,North Carolina School Report Cards,State of North Carolina,Career and College Ready (Levels 4-5),,2021-22,0.293,,reading_assessment,,,,,,,,,,,
Lumbee,New Lumbee Reading Data,North Carolina School Report Cards,State of North Carolina,Career and College Ready (Levels 4-5),,2022-23,0.309,,reading_assessment,,,,,,,,,,,
Lumbee,New Lumbee Reading Data,North Carolina School Report Cards,State of North Carolina,Career and College Ready (Levels 4-5),,2023-24,0.305,,reading_assessment,,,,,,,,,,,
Lumbee,New Lumbee Reading Data,North Carolina School Report Cards,State of North Carolina,Career and College Ready (Levels 4-5),,2024-25,0.315,,reading_assessment,,,,,,,,,,,
Lumbee,New Lumbee Reading Data,North Carolina School Report Cards,Pembroke Elementary,Read to Achieve,Met Grade 3 Benchmark,2016-17,0.597,,reading_assessment,,,,,,,,,,,
Lumbee,New Lumbee Reading Data,North Carolina School Report Cards,Pembroke Elementary,Read to Achieve,Met Grade 3 Benchmark,2017-18,0.724,,reading_assessment,,,,,,,,,,,
Lumbee,New Lumbee Reading Data,North Carolina School Report Cards,Pembroke Elementary,Read to Achieve,Met Grade 3 Benchmark,2018-19,0.5,,reading_assessment,,,,,,,,,,,
Lumbee,New Lumbee Reading Data,North Carolina School Report Cards,Pembroke Elementary,Read to Achieve,Met Grade 3 Benchmark,2019-20,--,,reading_assessment,,,,,,,,,,,
Lumbee,New Lumbee Reading Data,North Carolina School Report Cards,Pembroke Elementary,Read to Achieve,Met Grade 3 Benchmark,2020-21,0.633,,reading_assessment,,,,,,,,,,,
Lumbee,New Lumbee Reading Data,North Carolina School Report Cards,Pembroke Elementary,Read to Achieve,Met Grade 3 Benchmark,2021-22,0.416,,reading_assessment,,,,,,,,,,,
Lumbee,New Lumbee Reading Data,North Carolina School Report Cards,Pembroke Elementary,Read to Achieve,Met Grade 3 Benchmark,2022-23,0.505,,reading_assessment,,,,,,,,,,,
Lumbee,New Lumbee Reading Data,North Carolina School Report Cards,Pembroke Elementary,Read to Achieve,Met Grade 3 Benchmark,2023-24,0.537,,reading_assessment,,,,,,,,,,,
Lumbee,New Lumbee Reading Data,North Carolina School Report Cards,Pembroke Elementary,Read to Achieve,Met Grade 3 Benchmark,2024-25,0.593,,reading_assessment,,,,,,,,,,,
Lumbee,New Lumbee Reading Data,North Carolina School Report Cards,Robeson County Schools,Read to Achieve,Met Grade 3 Benchmark,2016-17,0.706,,reading_assessment,,,,,,,,,,,
Lumbee,New Lumbee Reading Data,North Carolina School Report Cards,Robeson County Schools,Read to Achieve,Met Grade 3 Benchmark,2017-18,0.709,,reading_assessment,,,,,,,,,,,
Lumbee,New Lumbee Reading Data,North Carolina School Report Cards,Robeson County Schools,Read to Achieve,Met Grade 3 Benchmark,2018-19,0.669,,reading_assessment,,,,,,,,,,,
Lumbee,New Lumbee Reading Data,North Carolina School Report Cards,Robeson County Schools,Read to Achieve,Met Grade 3 Benchmark,2019-20,--,,reading_assessment,,,,,,,,,,,
Lumbee,New Lumbee Reading Data,North Carolina School Report Cards,Robeson County Schools,Read to Achieve,Met Grade 3 Benchmark,2020-21,0.59,,reading_assessment,,,,,,,,,,,
Lumbee,New Lumbee Reading Data,North Carolina School Report Cards,Robeson County Schools,Read to Achieve,Met Grade 3 Benchmark,2021-22,0.588,,reading_assessment,,,,,,,,,,,
Lumbee,New Lumbee Reading Data,North Carolina School Report Cards,Robeson County Schools,Read to Achieve,Met Grade 3 Benchmark,2022-23,0.625,,reading_assessment,,,,,,,,,,,
Lumbee,New Lumbee Reading Data,North Carolina School Report Cards,Robeson County Schools,Read to Achieve,Met Grade 3 Benchmark,2023-24,0.629,,reading_assessment,,,,,,,,,,,
Lumbee,New Lumbee Reading Data,North Carolina School Report Cards,Robeson County Schools,Read to Achieve,Met Grade 3 Benchmark,2024-25,0.64,,reading_assessment,,,,,,,,,,,
Lumbee,New Lumbee Reading Data,North Carolina School Report Cards,State of North Carolina,Read to Achieve,Met Grade 3 Benchmark,2016-17,0.856,,reading_assessment,,,,,,,,,,,
Lumbee,New Lumbee Reading Data,North Carolina School Report Cards,State of North Carolina,Read to Achieve,Met Grade 3 Benchmark,2017-18,0.845,,reading_assessment,,,,,,,,,,,
Lumbee,New Lumbee Reading Data,North Carolina School Report Cards,State of North Carolina,Read to Achieve,Met Grade 3 Benchmark,2018-19,0.823,,reading_assessment,,,,,,,,,,,
Lumbee,New Lumbee Reading Data,North Carolina School Report Cards,State of North Carolina,Read to Achieve,Met Grade 3 Benchmark,2019-20,--,,reading_assessment,,,,,,,,,,,
Lumbee,New Lumbee Reading Data,North Carolina School Report Cards,State of North Carolina,Read to Achieve,Met Grade 3 Benchmark,2020-21,0.69,,reading_assessment,,,,,,,,,,,
Lumbee,New Lumbee Reading Data,North Carolina School Report Cards,State of North Carolina,Read to Achieve,Met Grade 3 Benchmark,2021-22,0.749,,reading_assessment,,,,,,,,,,,
Lumbee,New Lumbee Reading Data,North Carolina School Report Cards,State of North Carolina,Read to Achieve,Met Grade 3 Benchmark,2022-23,0.774,,reading_assessment,,,,,,,,,,,
Lumbee,New Lumbee Reading Data,North Carolina School Report Cards,State of North Carolina,Read to Achieve,Met Grade 3 Benchmark,2023-24,0.803,,reading_assessment,,,,,,,,,,,
Lumbee,New Lumbee Reading Data,North Carolina School Report Cards,State of North Carolina,Read to Achieve,Met Grade 3 Benchmark,2024-25,0.794,,reading_assessment,,,,,,,,,,,
Lumbee,New Lumbee Reading Data,North Carolina School Report Cards,Pembroke Elementary,Read to Achieve,Did Not Meet Grade 3 Benchmark,2016-17,0.403,,reading_assessment,,,,,,,,,,,
Lumbee,New Lumbee Reading Data,North Carolina School Report Cards,Pembroke Elementary,Read to Achieve,Did Not Meet Grade 3 Benchmark,2017-18,0.276,,reading_assessment,,,,,,,,,,,
Lumbee,New Lumbee Reading Data,North Carolina School Report Cards,Pembroke Elementary,Read to Achieve,Did Not Meet Grade 3 Benchmark,2018-19,0.5,,reading_assessment,,,,,,,,,,,
Lumbee,New Lumbee Reading Data,North Carolina School Report Cards,Pembroke Elementary,Read to Achieve,Did Not Meet Grade 3 Benchmark,2019-20,--,,reading_assessment,,,,,,,,,,,
Lumbee,New Lumbee Reading Data,North Carolina School Report Cards,Pembroke Elementary,Read to Achieve,Did Not Meet Grade 3 Benchmark,2020-21,0.367,,reading_assessment,,,,,,,,,,,
Lumbee,New Lumbee Reading Data,North Carolina School Report Cards,Pembroke Elementary,Read to Achieve,Did Not Meet Grade 3 Benchmark,2021-22,0.584,,reading_assessment,,,,,,,,,,,
Lumbee,New Lumbee Reading Data,North Carolina School Report Cards,Pembroke Elementary,Read to Achieve,Did Not Meet Grade 3 Benchmark,2022-23,0.495,,reading_assessment,,,,,,,,,,,
Lumbee,New Lumbee Reading Data,North Carolina School Report Cards,Pembroke Elementary,Read to Achieve,Did Not Meet Grade 3 Benchmark,2023-24,0.463,,reading_assessment,,,,,,,,,,,
Lumbee,New Lumbee Reading Data,North Carolina School Report Cards,Pembroke Elementary,Read to Achieve,Did Not Meet Grade 3 Benchmark,2024-25,0.407,,reading_assessment,,,,,,,,,,,
Lumbee,New Lumbee Reading Data,North Carolina School Report Cards,Robeson County Schools,Read to Achieve,Did Not Meet Grade 3 Benchmark,2016-17,0.294,,reading_assessment,,,,,,,,,,,
Lumbee,New Lumbee Reading Data,North Carolina School Report Cards,Robeson County Schools,Read to Achieve,Did Not Meet Grade 3 Benchmark,2017-18,0.291,,reading_assessment,,,,,,,,,,,
Lumbee,New Lumbee Reading Data,North Carolina School Report Cards,Robeson County Schools,Read to Achieve,Did Not Meet Grade 3 Benchmark,2018-19,0.331,,reading_assessment,,,,,,,,,,,
Lumbee,New Lumbee Reading Data,North Carolina School Report Cards,Robeson County Schools,Read to Achieve,Did Not Meet Grade 3 Benchmark,2019-20,--,,reading_assessment,,,,,,,,,,,
Lumbee,New Lumbee Reading Data,North Carolina School Report Cards,Robeson County Schools,Read to Achieve,Did Not Meet Grade 3 Benchmark,2020-21,0.41,,reading_assessment,,,,,,,,,,,
Lumbee,New Lumbee Reading Data,North Carolina School Report Cards,Robeson County Schools,Read to Achieve,Did Not Meet Grade 3 Benchmark,2021-22,0.412,,reading_assessment,,,,,,,,,,,
Lumbee,New Lumbee Reading Data,North Carolina School Report Cards,Robeson County Schools,Read to Achieve,Did Not Meet Grade 3 Benchmark,2022-23,0.375,,reading_assessment,,,,,,,,,,,
Lumbee,New Lumbee Reading Data,North Carolina School Report Cards,Robeson County Schools,Read to Achieve,Did Not Meet Grade 3 Benchmark,2023-24,0.371,,reading_assessment,,,,,,,,,,,
Lumbee,New Lumbee Reading Data,North Carolina School Report Cards,Robeson County Schools,Read to Achieve,Did Not Meet Grade 3 Benchmark,2024-25,0.36,,reading_assessment,,,,,,,,,,,
Lumbee,New Lumbee Reading Data,North Carolina School Report Cards,State of North Carolina,Read to Achieve,Did Not Meet Grade 3 Benchmark,2016-17,0.144,,reading_assessment,,,,,,,,,,,
Lumbee,New Lumbee Reading Data,North Carolina School Report Cards,State of North Carolina,Read to Achieve,Did Not Meet Grade 3 Benchmark,2017-18,0.155,,reading_assessment,,,,,,,,,,,
Lumbee,New Lumbee Reading Data,North Carolina School Report Cards,State of North Carolina,Read to Achieve,Did Not Meet Grade 3 Benchmark,2018-19,0.177,,reading_assessment,,,,,,,,,,,
Lumbee,New Lumbee Reading Data,North Carolina School Report Cards,State of North Carolina,Read to Achieve,Did Not Meet Grade 3 Benchmark,2019-20,--,,reading_assessment,,,,,,,,,,,
Lumbee,New Lumbee Reading Data,North Carolina School Report Cards,State of North Carolina,Read to Achieve,Did Not Meet Grade 3 Benchmark,2020-21,0.31,,reading_assessment,,,,,,,,,,,
Lumbee,New Lumbee Reading Data,North Carolina School Report Cards,State of North Carolina,Read to Achieve,Did Not Meet Grade 3 Benchmark,2021-22,0.251,,reading_assessment,,,,,,,,,,,
Lumbee,New Lumbee Reading Data,North Carolina School Report Cards,State of North Carolina,Read to Achieve,Did Not Meet Grade 3 Benchmark,2022-23,0.226,,reading_assessment,,,,,,,,,,,
Lumbee,New Lumbee Reading Data,North Carolina School Report Cards,State of North Carolina,Read to Achieve,Did Not Meet Grade 3 Benchmark,2023-24,0.197,,reading_assessment,,,,,,,,,,,
Lumbee,New Lumbee Reading Data,North Carolina School Report Cards,State of North Carolina,Read to Achieve,Did Not Meet Grade 3 Benchmark,2024-25,0.206,,reading_assessment,,,,,,,,,,,
Lumbee,New Lumbee Reading Data,North Carolina School Report Cards,Pembroke Elementary,Test Participation,Reading Grades 3-8,2016-17,--,,reading_assessment,,,,,,,,,,,
Lumbee,New Lumbee Reading Data,North Carolina School Report Cards,Pembroke Elementary,Test Participation,Reading Grades 3-8,2017-18,>95%,,reading_assessment,,,,,,,,,,,
Lumbee,New Lumbee Reading Data,North Carolina School Report Cards,Pembroke Elementary,Test Participation,Reading Grades 3-8,2018-19,>95%,,reading_assessment,,,,,,,,,,,
Lumbee,New Lumbee Reading Data,North Carolina School Report Cards,Pembroke Elementary,Test Participation,Reading Grades 3-8,2019-20,--,,reading_assessment,,,,,,,,,,,
Lumbee,New Lumbee Reading Data,North Carolina School Report Cards,Pembroke Elementary,Test Participation,Reading Grades 3-8,2020-21,--,,reading_assessment,,,,,,,,,,,
Lumbee,New Lumbee Reading Data,North Carolina School Report Cards,Pembroke Elementary,Test Participation,Reading Grades 3-8,2021-22,>95%,,reading_assessment,,,,,,,,,,,
Lumbee,New Lumbee Reading Data,North Carolina School Report Cards,Pembroke Elementary,Test Participation,Reading Grades 3-8,2022-23,>95%,,reading_assessment,,,,,,,,,,,
Lumbee,New Lumbee Reading Data,North Carolina School Report Cards,Pembroke Elementary,Test Participation,Reading Grades 3-8,2023-24,>95%,,reading_assessment,,,,,,,,,,,
Lumbee,New Lumbee Reading Data,North Carolina School Report Cards,Pembroke Elementary,Test Participation,Reading Grades 3-8,2024-25,>95%,,reading_assessment,,,,,,,,,,,
Lumbee,New Lumbee Reading Data,North Carolina School Report Cards,State of North Carolina,Reading Test Participation,Reading Grades 3-8,2016-17,--,,reading_assessment,,,,,,,,,,,
Lumbee,New Lumbee Reading Data,North Carolina School Report Cards,State of North Carolina,Reading Test Participation,Reading Grades 3-8,2017-18,>95%,,reading_assessment,,,,,,,,,,,
Lumbee,New Lumbee Reading Data,North Carolina School Report Cards,State of North Carolina,Reading Test Participation,Reading Grades 3-8,2018-19,>95%,,reading_assessment,,,,,,,,,,,
Lumbee,New Lumbee Reading Data,North Carolina School Report Cards,State of North Carolina,Reading Test Participation,Reading Grades 3-8,2019-20,--,,reading_assessment,,,,,,,,,,,
Lumbee,New Lumbee Reading Data,North Carolina School Report Cards,State of North Carolina,Reading Test Participation,Reading Grades 3-8,2020-21,--,,reading_assessment,,,,,,,,,,,
Lumbee,New Lumbee Reading Data,North Carolina School Report Cards,State of North Carolina,Reading Test Participation,Reading Grades 3-8,2021-22,>95%,,reading_assessment,,,,,,,,,,,
Lumbee,New Lumbee Reading Data,North Carolina School Report Cards,State of North Carolina,Reading Test Participation,Reading Grades 3-8,2022-23,>95%,,reading_assessment,,,,,,,,,,,
Lumbee,New Lumbee Reading Data,North Carolina School Report Cards,State of North Carolina,Reading Test Participation,Reading Grades 3-8,2023-24,>95%,,reading_assessment,,,,,,,,,,,
Lumbee,New Lumbee Reading Data,North Carolina School Report Cards,State of North Carolina,Reading Test Participation,Reading Grades 3-8,2024-25,>95%,,reading_assessment,,,,,,,,,,,
Lumbee,New Lumbee Reading Data,North Carolina School Report Cards,Pembroke Elementary,Student Enrollment,,2016-17,758,,reading_assessment,,,,,,,,,,,
Lumbee,New Lumbee Reading Data,North Carolina School Report Cards,Pembroke Elementary,Student Enrollment,,2017-18,781,,reading_assessment,,,,,,,,,,,
Lumbee,New Lumbee Reading Data,North Carolina School Report Cards,Pembroke Elementary,Student Enrollment,,2018-19,757,,reading_assessment,,,,,,,,,,,
Lumbee,New Lumbee Reading Data,North Carolina School Report Cards,Pembroke Elementary,Student Enrollment,,2019-20,744,,reading_assessment,,,,,,,,,,,
Lumbee,New Lumbee Reading Data,North Carolina School Report Cards,Pembroke Elementary,Student Enrollment,,2020-21,706,,reading_assessment,,,,,,,,,,,
Lumbee,New Lumbee Reading Data,North Carolina School Report Cards,Pembroke Elementary,Student Enrollment,,2021-22,677,,reading_assessment,,,,,,,,,,,
Lumbee,New Lumbee Reading Data,North Carolina School Report Cards,Pembroke Elementary,Student Enrollment,,2022-23,657,,reading_assessment,,,,,,,,,,,
Lumbee,New Lumbee Reading Data,North Carolina School Report Cards,Pembroke Elementary,Student Enrollment,,2023-24,674,,reading_assessment,,,,,,,,,,,
Lumbee,New Lumbee Reading Data,North Carolina School Report Cards,Pembroke Elementary,Student Enrollment,,2024-25,665,,reading_assessment,,,,,,,,,,,
Lumbee,New Lumbee Reading Data,North Carolina School Report Cards,Robeson County Schools,Student Enrollment,,2016-17,459,,reading_assessment,,,,,,,,,,,
Lumbee,New Lumbee Reading Data,North Carolina School Report Cards,Robeson County Schools,Student Enrollment,,2017-18,439,,reading_assessment,,,,,,,,,,,
Lumbee,New Lumbee Reading Data,North Carolina School Report Cards,Robeson County Schools,Student Enrollment,,2018-19,468,,reading_assessment,,,,,,,,,,,
Lumbee,New Lumbee Reading Data,North Carolina School Report Cards,Robeson County Schools,Student Enrollment,,2019-20,473,,reading_assessment,,,,,,,,,,,
Lumbee,New Lumbee Reading Data,North Carolina School Report Cards,Robeson County Schools,Student Enrollment,,2020-21,432,,reading_assessment,,,,,,,,,,,
Lumbee,New Lumbee Reading Data,North Carolina School Report Cards,Robeson County Schools,Student Enrollment,,2021-22,421,,reading_assessment,,,,,,,,,,,
Lumbee,New Lumbee Reading Data,North Carolina School Report Cards,Robeson County Schools,Student Enrollment,,2022-23,406,,reading_assessment,,,,,,,,,,,
Lumbee,New Lumbee Reading Data,North Carolina School Report Cards,Robeson County Schools,Student Enrollment,,2023-24,406,,reading_assessment,,,,,,,,,,,
Lumbee,New Lumbee Reading Data,North Carolina School Report Cards,Robeson County Schools,Student Enrollment,,2024-25,406,,reading_assessment,,,,,,,,,,,
Lumbee,New Lumbee Reading Data,North Carolina School Report Cards,State of North Carolina,Student Enrollment,,2016-17,490,,reading_assessment,,,,,,,,,,,
Lumbee,New Lumbee Reading Data,North Carolina School Report Cards,State of North Carolina,Student Enrollment,,2017-18,483,,reading_assessment,,,,,,,,,,,
Lumbee,New Lumbee Reading Data,North Carolina School Report Cards,State of North Carolina,Student Enrollment,,2018-19,477,,reading_assessment,,,,,,,,,,,
Lumbee,New Lumbee Reading Data,North Carolina School Report Cards,State of North Carolina,Student Enrollment,,2019-20,470,,reading_assessment,,,,,,,,,,,
Lumbee,New Lumbee Reading Data,North Carolina School Report Cards,State of North Carolina,Student Enrollment,,2020-21,433,,reading_assessment,,,,,,,,,,,
Lumbee,New Lumbee Reading Data,North Carolina School Report Cards,State of North Carolina,Student Enrollment,,2021-22,439,,reading_assessment,,,,,,,,,,,
Lumbee,New Lumbee Reading Data,North Carolina School Report Cards,State of North Carolina,Student Enrollment,,2022-23,445,,reading_assessment,,,,,,,,,,,
Lumbee,New Lumbee Reading Data,North Carolina School Report Cards,State of North Carolina,Student Enrollment,,2023-24,446,,reading_assessment,,,,,,,,,,,
Lumbee,New Lumbee Reading Data,North Carolina School Report Cards,State of North Carolina,Student Enrollment,,2024-25,452,,reading_assessment,,,,,,,,,,,
Lumbee,New Lumbee Reading Data,North Carolina School Report Cards,Pembroke Elementary,Students Enrolled in Preschool,,2016-17,--,,reading_assessment,,,,,,,,,,,
Lumbee,New Lumbee Reading Data,North Carolina School Report Cards,Pembroke Elementary,Students Enrolled in Preschool,,2017-18,31,,reading_assessment,,,,,,,,,,,
Lumbee,New Lumbee Reading Data,North Carolina School Report Cards,Pembroke Elementary,Students Enrolled in Preschool,,2018-19,31,,reading_assessment,,,,,,,,,,,
Lumbee,New Lumbee Reading Data,North Carolina School Report Cards,Pembroke Elementary,Students Enrolled in Preschool,,2019-20,32,,reading_assessment,,,,,,,,,,,
Lumbee,New Lumbee Reading Data,North Carolina School Report Cards,Pembroke Elementary,Students Enrolled in Preschool,,2020-21,31,,reading_assessment,,,,,,,,,,,
Lumbee,New Lumbee Reading Data,North Carolina School Report Cards,Pembroke Elementary,Students Enrolled in Preschool,,2021-22,30,,reading_assessment,,,,,,,,,,,
Lumbee,New Lumbee Reading Data,North Carolina School Report Cards,Pembroke Elementary,Students Enrolled in Preschool,,2022-23,31,,reading_assessment,,,,,,,,,,,
Lumbee,New Lumbee Reading Data,North Carolina School Report Cards,Pembroke Elementary,Students Enrolled in Preschool,,2023-24,32,,reading_assessment,,,,,,,,,,,
Lumbee,New Lumbee Reading Data,North Carolina School Report Cards,Pembroke Elementary,Students Enrolled in Preschool,,2024-25,31,,reading_assessment,,,,,,,,,,,
Lumbee,New Lumbee Reading Data,North Carolina School Report Cards,Robeson County Schools,Students Enrolled in Preschool,,2016-17,--,,reading_assessment,,,,,,,,,,,
Lumbee,New Lumbee Reading Data,North Carolina School Report Cards,Robeson County Schools,Students Enrolled in Preschool,,2017-18,477,,reading_assessment,,,,,,,,,,,
Lumbee,New Lumbee Reading Data,North Carolina School Report Cards,Robeson County Schools,Students Enrolled in Preschool,,2018-19,319,,reading_assessment,,,,,,,,,,,
Lumbee,New Lumbee Reading Data,North Carolina School Report Cards,Robeson County Schools,Students Enrolled in Preschool,,2019-20,424,,reading_assessment,,,,,,,,,,,
Lumbee,New Lumbee Reading Data,North Carolina School Report Cards,Robeson County Schools,Students Enrolled in Preschool,,2020-21,341,,reading_assessment,,,,,,,,,,,
Lumbee,New Lumbee Reading Data,North Carolina School Report Cards,Robeson County Schools,Students Enrolled in Preschool,,2021-22,400,,reading_assessment,,,,,,,,,,,
Lumbee,New Lumbee Reading Data,North Carolina School Report Cards,Robeson County Schools,Students Enrolled in Preschool,,2022-23,422,,reading_assessment,,,,,,,,,,,
Lumbee,New Lumbee Reading Data,North Carolina School Report Cards,Robeson County Schools,Students Enrolled in Preschool,,2023-24,434,,reading_assessment,,,,,,,,,,,
Lumbee,New Lumbee Reading Data,North Carolina School Report Cards,Robeson County Schools,Students Enrolled in Preschool,,2024-25,438,,reading_assessment,,,,,,,,,,,
Lumbee,New Lumbee Reading Data,North Carolina School Report Cards,State of North Carolina,Students Enrolled in Preschool,,2016-17,--,,reading_assessment,,,,,,,,,,,
Lumbee,New Lumbee Reading Data,North Carolina School Report Cards,State of North Carolina,Students Enrolled in Preschool,,2017-18,21428,,reading_assessment,,,,,,,,,,,
Lumbee,New Lumbee Reading Data,North Carolina School Report Cards,State of North Carolina,Students Enrolled in Preschool,,2018-19,21897,,reading_assessment,,,,,,,,,,,
Lumbee,New Lumbee Reading Data,North Carolina School Report Cards,State of North Carolina,Students Enrolled in Preschool,,2019-20,22514,,reading_assessment,,,,,,,,,,,
Lumbee,New Lumbee Reading Data,North Carolina School Report Cards,State of North Carolina,Students Enrolled in Preschool,,2020-21,18183,,reading_assessment,,,,,,,,,,,
Lumbee,New Lumbee Reading Data,North Carolina School Report Cards,State of North Carolina,Students Enrolled in Preschool,,2021-22,21466,,reading_assessment,,,,,,,,,,,
Lumbee,New Lumbee Reading Data,North Carolina School Report Cards,State of North Carolina,Students Enrolled in Preschool,,2022-23,22661,,reading_assessment,,,,,,,,,,,
Lumbee,New Lumbee Reading Data,North Carolina School Report Cards,State of North Carolina,Students Enrolled in Preschool,,2023-24,23779,,reading_assessment,,,,,,,,,,,
Lumbee,New Lumbee Reading Data,North Carolina School Report Cards,State of North Carolina,Students Enrolled in Preschool,,2024-25,23757,,reading_assessment,,,,,,,,,,,
Lumbee,New Lumbee Reading Data,North Carolina School Report Cards,Kindergarten Student Enrollment,Kindergarten Student Enrollment,,2017-18,134,,reading_assessment,,,,,,,,,,,
Lumbee,New Lumbee Reading Data,North Carolina School Report Cards,Kindergarten Student Enrollment,Kindergarten Student Enrollment,,2018-19,113,,reading_assessment,,,,,,,,,,,
Lumbee,New Lumbee Reading Data,North Carolina School Report Cards,Kindergarten Student Enrollment,Kindergarten Student Enrollment,,2019-20,141,,reading_assessment,,,,,,,,,,,
Lumbee,New Lumbee Reading Data,North Carolina School Report Cards,Kindergarten Student Enrollment,Kindergarten Student Enrollment,,2020-21,121,,reading_assessment,,,,,,,,,,,
Lumbee,New Lumbee Reading Data,North Carolina School Report Cards,Kindergarten Student Enrollment,Kindergarten Student Enrollment,,2021-22,114,,reading_assessment,,,,,,,,,,,
Lumbee,New Lumbee Reading Data,North Carolina School Report Cards,Kindergarten Student Enrollment,Kindergarten Student Enrollment,,2022-23,100,,reading_assessment,,,,,,,,,,,
Lumbee,New Lumbee Reading Data,North Carolina School Report Cards,Kindergarten Student Enrollment,Kindergarten Student Enrollment,,2023-24,115,,reading_assessment,,,,,,,,,,,
Lumbee,New Lumbee Reading Data,North Carolina School Report Cards,Kindergarten Student Enrollment,Kindergarten Student Enrollment,,2024-25,97,,reading_assessment,,,,,,,,,,,
Lumbee,New Lumbee Reading Data,North Carolina School Report Cards,Grade 4 Student Enrollment,Grade 4 Student Enrollment,,2017-18,112,,reading_assessment,,,,,,,,,,,
Lumbee,New Lumbee Reading Data,North Carolina School Report Cards,Grade 4 Student Enrollment,Grade 4 Student Enrollment,,2018-19,124,,reading_assessment,,,,,,,,,,,
Lumbee,New Lumbee Reading Data,North Carolina School Report Cards,Grade 4 Student Enrollment,Grade 4 Student Enrollment,,2019-20,121,,reading_assessment,,,,,,,,,,,
Lumbee,New Lumbee Reading Data,North Carolina School Report Cards,Grade 4 Student Enrollment,Grade 4 Student Enrollment,,2020-21,106,,reading_assessment,,,,,,,,,,,
Lumbee,New Lumbee Reading Data,North Carolina School Report Cards,Grade 4 Student Enrollment,Grade 4 Student Enrollment,,2021-22,109,,reading_assessment,,,,,,,,,,,
Lumbee,New Lumbee Reading Data,North Carolina School Report Cards,Grade 4 Student Enrollment,Grade 4 Student Enrollment,,2022-23,122,,reading_assessment,,,,,,,,,,,
Lumbee,New Lumbee Reading Data,North Carolina School Report Cards,Grade 4 Student Enrollment,Grade 4 Student Enrollment,,2023-24,107,,reading_assessment,,,,,,,,,,,
Lumbee,New Lumbee Reading Data,North Carolina School Report Cards,Grade 4 Student Enrollment,Grade 4 Student Enrollment,,2024-25,112,,reading_assessment,,,,,,,,,,,
Lumbee,New Lumbee Reading Data,North Carolina School Report Cards,AI/AN Student Enrollment,AI/AN Student Enrollment,,2017-18,670,,reading_assessment,,,,,,,,,,,
Lumbee,New Lumbee Reading Data,North Carolina School Report Cards,AI/AN Student Enrollment,AI/AN Student Enrollment,,2018-19,643,,reading_assessment,,,,,,,,,,,
Lumbee,New Lumbee Reading Data,North Carolina School Report Cards,AI/AN Student Enrollment,AI/AN Student Enrollment,,2019-20,665,,reading_assessment,,,,,,,,,,,
Lumbee,New Lumbee Reading Data,North Carolina School Report Cards,AI/AN Student Enrollment,AI/AN Student Enrollment,,2020-21,637,,reading_assessment,,,,,,,,,,,
Lumbee,New Lumbee Reading Data,North Carolina School Report Cards,AI/AN Student Enrollment,AI/AN Student Enrollment,,2021-22,592,,reading_assessment,,,,,,,,,,,
Lumbee,New Lumbee Reading Data,North Carolina School Report Cards,AI/AN Student Enrollment,AI/AN Student Enrollment,,2022-23,572,,reading_assessment,,,,,,,,,,,
Lumbee,New Lumbee Reading Data,North Carolina School Report Cards,AI/AN Student Enrollment,AI/AN Student Enrollment,,2023-24,580,,reading_assessment,,,,,,,,,,,
Lumbee,New Lumbee Reading Data,North Carolina School Report Cards,AI/AN Student Enrollment,AI/AN Student Enrollment,,2024-25,559,,reading_assessment,,,,,,,,,,,
Lumbee,New Lumbee Reading Data,North Carolina School Report Cards,Total Student Enrollment,Total Student Enrollment,,2017-18,612,,reading_assessment,,,,,,,,,,,
Lumbee,New Lumbee Reading Data,North Carolina School Report Cards,Total Student Enrollment,Total Student Enrollment,,2018-19,784,,reading_assessment,,,,,,,,,,,
Lumbee,New Lumbee Reading Data,North Carolina School Report Cards,Total Student Enrollment,Total Student Enrollment,,2019-20,783,,reading_assessment,,,,,,,,,,,
Lumbee,New Lumbee Reading Data,North Carolina School Report Cards,Total Student Enrollment,Total Student Enrollment,,2020-21,758,,reading_assessment,,,,,,,,,,,
Lumbee,New Lumbee Reading Data,North Carolina School Report Cards,Total Student Enrollment,Total Student Enrollment,,2021-22,719,,reading_assessment,,,,,,,,,,,
Lumbee,New Lumbee Reading Data,North Carolina School Report Cards,Total Student Enrollment,Total Student Enrollment,,2022-23,692,,reading_assessment,,,,,,,,,,,
Lumbee,New Lumbee Reading Data,North Carolina School Report Cards,Total Student Enrollment,Total Student Enrollment,,2023-24,704,,reading_assessment,,,,,,,,,,,
Lumbee,New Lumbee Reading Data,North Carolina School Report Cards,Total Student Enrollment,Total Student Enrollment,,2024-25,703,,reading_assessment,,,,,,,,,,,
Lumbee,New Lumbee Reading Data,North Carolina School Report Cards,Grade Level Proficient – All students,Grade Level Proficient – All students,,2020-21,0.277,,reading_assessment,,,,,,,,,,,
Lumbee,New Lumbee Reading Data,North Carolina School Report Cards,Grade Level Proficient – All students,Grade Level Proficient – All students,,2021-22,0.34,,reading_assessment,,,,,,,,,,,
Lumbee,New Lumbee Reading Data,North Carolina School Report Cards,Grade Level Proficient – All students,Grade Level Proficient – All students,,2022-23,0.275,,reading_assessment,,,,,,,,,,,
Lumbee,New Lumbee Reading Data,North Carolina School Report Cards,Grade Level Proficient – All students,Grade Level Proficient – All students,,2023-24,0.34,,reading_assessment,,,,,,,,,,,
Lumbee,New Lumbee Reading Data,North Carolina School Report Cards,Grade Level Proficient – All students,Grade Level Proficient – All students,,2024-25,0.441,,reading_assessment,,,,,,,,,,,
Lumbee,New Lumbee Reading Data,North Carolina School Report Cards,Grade Level Proficient – AI/AN students,Grade Level Proficient – AI/AN students,,2020-21,0.274,,reading_assessment,,,,,,,,,,,
Lumbee,New Lumbee Reading Data,North Carolina School Report Cards,Grade Level Proficient – AI/AN students,Grade Level Proficient – AI/AN students,,2021-22,0.364,,reading_assessment,,,,,,,,,,,
Lumbee,New Lumbee Reading Data,North Carolina School Report Cards,Grade Level Proficient – AI/AN students,Grade Level Proficient – AI/AN students,,2022-23,0.272,,reading_assessment,,,,,,,,,,,
Lumbee,New Lumbee Reading Data,North Carolina School Report Cards,Grade Level Proficient – AI/AN students,Grade Level Proficient – AI/AN students,,2023-24,0.349,,reading_assessment,,,,,,,,,,,
Lumbee,New Lumbee Reading Data,North Carolina School Report Cards,Grade Level Proficient – AI/AN students,Grade Level Proficient – AI/AN students,,2024-25,0.477,,reading_assessment,,,,,,,,,,,
Lumbee,New Lumbee Reading Data,North Carolina School Report Cards,Pembroke Elementary - All students,Pembroke Elementary - All students,,2021-22,28.2,,reading_assessment,,,,,,,,,,,
Lumbee,New Lumbee Reading Data,North Carolina School Report Cards,Pembroke Elementary - All students,Pembroke Elementary - All students,,2022-23,27.7,,reading_assessment,,,,,,,,,,,
Lumbee,New Lumbee Reading Data,North Carolina School Report Cards,Pembroke Elementary - All students,Pembroke Elementary - All students,,2023-24,30,,reading_assessment,,,,,,,,,,,
Lumbee,New Lumbee Reading Data,North Carolina School Report Cards,Pembroke Elementary - All students,Pembroke Elementary - All students,,2024-25,37.8,,reading_assessment,,,,,,,,,,,
EBCI,New EBCI Reading Data,BIE State Education Agency Report Cards,Enrolled Students,Enrolled Students,,2015-16,277,652,reading_assessment,,,,,,,,,,,
EBCI,New EBCI Reading Data,BIE State Education Agency Report Cards,Enrolled Students,Enrolled Students,,2019-20,664,,reading_assessment,,,,,,,,,,,
EBCI,New EBCI Reading Data,BIE State Education Agency Report Cards,Enrolled Students,Enrolled Students,,2020-21,702,,reading_assessment,,,,,,,,,,,
EBCI,New EBCI Reading Data,BIE State Education Agency Report Cards,Enrolled Students,Enrolled Students,,2021-22,683,,reading_assessment,,,,,,,,,,,
EBCI,New EBCI Reading Data,BIE State Education Agency Report Cards,Enrolled Students,Enrolled Students,,2022-23,650,,reading_assessment,,,,,,,,,,,
EBCI,New EBCI Reading Data,BIE State Education Agency Report Cards,Enrolled Students,Enrolled Students,,2023-24,652,,reading_assessment,,,,,,,,,,,
EBCI,New EBCI Reading Data,BIE State Education Agency Report Cards,Enrolled AI/AN Students,Enrolled AI/AN Students,,2015-16,277,610,reading_assessment,,,,,,,,,,,
EBCI,New EBCI Reading Data,BIE State Education Agency Report Cards,Enrolled AI/AN Students,Enrolled AI/AN Students,,2019-20,613,,reading_assessment,,,,,,,,,,,
EBCI,New EBCI Reading Data,BIE State Education Agency Report Cards,Enrolled AI/AN Students,Enrolled AI/AN Students,,2020-21,644,,reading_assessment,,,,,,,,,,,
EBCI,New EBCI Reading Data,BIE State Education Agency Report Cards,Enrolled AI/AN Students,Enrolled AI/AN Students,,2021-22,629,,reading_assessment,,,,,,,,,,,
EBCI,New EBCI Reading Data,BIE State Education Agency Report Cards,Enrolled AI/AN Students,Enrolled AI/AN Students,,2022-23,601,,reading_assessment,,,,,,,,,,,
EBCI,New EBCI Reading Data,BIE State Education Agency Report Cards,Enrolled AI/AN Students,Enrolled AI/AN Students,,2023-24,610,,reading_assessment,,,,,,,,,,,
EBCI,New EBCI Reading Data,BIE State Education Agency Report Cards,Participation Rate,Participation Rate,,2015-16,1,0.9971,reading_assessment,,,,,,,,,,,
EBCI,New EBCI Reading Data,BIE State Education Agency Report Cards,Participation Rate,Participation Rate,,2019-20,--,,reading_assessment,,,,,,,,,,,
EBCI,New EBCI Reading Data,BIE State Education Agency Report Cards,Participation Rate,Participation Rate,,2020-21,0.9624,,reading_assessment,,,,,,,,,,,
EBCI,New EBCI Reading Data,BIE State Education Agency Report Cards,Participation Rate,Participation Rate,,2021-22,0.9235,,reading_assessment,,,,,,,,,,,
EBCI,New EBCI Reading Data,BIE State Education Agency Report Cards,Participation Rate,Participation Rate,,2022-23,0.994,,reading_assessment,,,,,,,,,,,
EBCI,New EBCI Reading Data,BIE State Education Agency Report Cards,Participation Rate,Participation Rate,,2023-24,0.9971,,reading_assessment,,,,,,,,,,,
EBCI,New EBCI Reading Data,BIE State Education Agency Report Cards,Basic,Basic,,2015-16,0.55,0.96,reading_assessment,,,,,,,,,,,
EBCI,New EBCI Reading Data,BIE State Education Agency Report Cards,Basic,Basic,,2019-20,--,,reading_assessment,,,,,,,,,,,
EBCI,New EBCI Reading Data,BIE State Education Agency Report Cards,Basic,Basic,,2020-21,0.78,,reading_assessment,,,,,,,,,,,
EBCI,New EBCI Reading Data,BIE State Education Agency Report Cards,Basic,Basic,,2021-22,0.83,,reading_assessment,,,,,,,,,,,
EBCI,New EBCI Reading Data,BIE State Education Agency Report Cards,Basic,Basic,,2022-23,0.85,,reading_assessment,,,,,,,,,,,
EBCI,New EBCI Reading Data,BIE State Education Agency Report Cards,Basic,Basic,,2023-24,0.96,,reading_assessment,,,,,,,,,,,
EBCI,New EBCI Reading Data,BIE State Education Agency Report Cards,Nearing Proficient,Nearing Proficient,,2015-16,0.21,0.06,reading_assessment,,,,,,,,,,,
EBCI,New EBCI Reading Data,BIE State Education Agency Report Cards,Nearing Proficient,Nearing Proficient,,2019-20,--,,reading_assessment,,,,,,,,,,,
EBCI,New EBCI Reading Data,BIE State Education Agency Report Cards,Nearing Proficient,Nearing Proficient,,2020-21,0.12,,reading_assessment,,,,,,,,,,,
EBCI,New EBCI Reading Data,BIE State Education Agency Report Cards,Nearing Proficient,Nearing Proficient,,2021-22,0.07,,reading_assessment,,,,,,,,,,,
EBCI,New EBCI Reading Data,BIE State Education Agency Report Cards,Nearing Proficient,Nearing Proficient,,2022-23,0.06,,reading_assessment,,,,,,,,,,,
EBCI,New EBCI Reading Data,BIE State Education Agency Report Cards,Nearing Proficient,Nearing Proficient,,2023-24,0.06,,reading_assessment,,,,,,,,,,,
EBCI,New EBCI Reading Data,BIE State Education Agency Report Cards,Proficient,Proficient,,2015-16,0.07,0.05,reading_assessment,,,,,,,,,,,
EBCI,New EBCI Reading Data,BIE State Education Agency Report Cards,Proficient,Proficient,,2019-20,--,,reading_assessment,,,,,,,,,,,
EBCI,New EBCI Reading Data,BIE State Education Agency Report Cards,Proficient,Proficient,,2020-21,0.07,,reading_assessment,,,,,,,,,,,
EBCI,New EBCI Reading Data,BIE State Education Agency Report Cards,Proficient,Proficient,,2021-22,0.07,,reading_assessment,,,,,,,,,,,
EBCI,New EBCI Reading Data,BIE State Education Agency Report Cards,Proficient,Proficient,,2022-23,0.06,,reading_assessment,,,,,,,,,,,
EBCI,New EBCI Reading Data,BIE State Education Agency Report Cards,Proficient,Proficient,,2023-24,0.05,,reading_assessment,,,,,,,,,,,
EBCI,New EBCI Reading Data,BIE State Education Agency Report Cards,Advanced,Advanced,,2015-16,0.17,--,reading_assessment,,,,,,,,,,,
EBCI,New EBCI Reading Data,BIE State Education Agency Report Cards,Advanced,Advanced,,2019-20,--,,reading_assessment,,,,,,,,,,,
EBCI,New EBCI Reading Data,BIE State Education Agency Report Cards,Advanced,Advanced,,2020-21,--,,reading_assessment,,,,,,,,,,,
EBCI,New EBCI Reading Data,BIE State Education Agency Report Cards,Advanced,Advanced,,2021-22,--,,reading_assessment,,,,,,,,,,,
EBCI,New EBCI Reading Data,BIE State Education Agency Report Cards,Advanced,Advanced,,2022-23,--,,reading_assessment,,,,,,,,,,,
EBCI,New EBCI Reading Data,BIE State Education Agency Report Cards,Advanced,Advanced,,2023-24,--,,reading_assessment,,,,,,,,,,,
SDP,New SDP Reading Data,New Mexico School District Report Cards – Santo Domingo Elementary,Santo Domingo Elementary,Early Literacy Assessment (K-2),All Students,2022-23,--,,reading_assessment,,,,,,,,,,,
SDP,New SDP Reading Data,New Mexico School District Report Cards – Santo Domingo Elementary,Santo Domingo Elementary,Early Literacy Assessment (K-2),All Students,2023-24,0.431,,reading_assessment,,,,,,,,,,,
SDP,New SDP Reading Data,New Mexico School District Report Cards – Santo Domingo Elementary,Santo Domingo Elementary,Early Literacy Assessment (K-2),All Students,2024-25,0.454,,reading_assessment,,,,,,,,,,,
SDP,New SDP Reading Data,New Mexico School District Report Cards – Santo Domingo Elementary,Bernalillo Public Schools,Early Literacy Assessment (K-2),All Students,2022-23,--,,reading_assessment,,,,,,,,,,,
SDP,New SDP Reading Data,New Mexico School District Report Cards – Santo Domingo Elementary,Bernalillo Public Schools,Early Literacy Assessment (K-2),All Students,2023-24,0.323,,reading_assessment,,,,,,,,,,,
SDP,New SDP Reading Data,New Mexico School District Report Cards – Santo Domingo Elementary,Bernalillo Public Schools,Early Literacy Assessment (K-2),All Students,2024-25,0.399,,reading_assessment,,,,,,,,,,,
SDP,New SDP Reading Data,New Mexico School District Report Cards – Santo Domingo Elementary,State of New Mexico,Early Literacy Assessment (K-2),All Students,2022-23,--,,reading_assessment,,,,,,,,,,,
SDP,New SDP Reading Data,New Mexico School District Report Cards – Santo Domingo Elementary,State of New Mexico,Early Literacy Assessment (K-2),All Students,2023-24,0.346,,reading_assessment,,,,,,,,,,,
SDP,New SDP Reading Data,New Mexico School District Report Cards – Santo Domingo Elementary,State of New Mexico,Early Literacy Assessment (K-2),All Students,2024-25,0.405,,reading_assessment,,,,,,,,,,,
SDP,New SDP Reading Data,New Mexico School District Report Cards – Santo Domingo Elementary,Santo Domingo Elementary,Early Literacy Assessment (K-2),NA Students,2022-23,--,,reading_assessment,,,,,,,,,,,
SDP,New SDP Reading Data,New Mexico School District Report Cards – Santo Domingo Elementary,Santo Domingo Elementary,Early Literacy Assessment (K-2),NA Students,2023-24,0.442,,reading_assessment,,,,,,,,,,,
SDP,New SDP Reading Data,New Mexico School District Report Cards – Santo Domingo Elementary,Santo Domingo Elementary,Early Literacy Assessment (K-2),NA Students,2024-25,0.476,,reading_assessment,,,,,,,,,,,
SDP,New SDP Reading Data,New Mexico School District Report Cards – Santo Domingo Elementary,Bernalillo Public Schools,Early Literacy Assessment (K-2),NA Students,2022-23,--,,reading_assessment,,,,,,,,,,,
SDP,New SDP Reading Data,New Mexico School District Report Cards – Santo Domingo Elementary,Bernalillo Public Schools,Early Literacy Assessment (K-2),NA Students,2023-24,0.279,,reading_assessment,,,,,,,,,,,
SDP,New SDP Reading Data,New Mexico School District Report Cards – Santo Domingo Elementary,Bernalillo Public Schools,Early Literacy Assessment (K-2),NA Students,2024-25,0.37,,reading_assessment,,,,,,,,,,,
SDP,New SDP Reading Data,New Mexico School District Report Cards – Santo Domingo Elementary,State of New Mexico,Early Literacy Assessment (K-2),NA Students,2022-23,--,,reading_assessment,,,,,,,,,,,
SDP,New SDP Reading Data,New Mexico School District Report Cards – Santo Domingo Elementary,State of New Mexico,Early Literacy Assessment (K-2),NA Students,2023-24,0.249,,reading_assessment,,,,,,,,,,,
SDP,New SDP Reading Data,New Mexico School District Report Cards – Santo Domingo Elementary,State of New Mexico,Early Literacy Assessment (K-2),NA Students,2024-25,0.301,,reading_assessment,,,,,,,,,,,
SDP,New SDP Reading Data,New Mexico School District Report Cards – Santo Domingo Elementary,Santo Domingo Elementary,Overall Reading Proficiency (Grades 3-5),All Students,2022-23,0.07,,reading_assessment,,,,,,,,,,,
SDP,New SDP Reading Data,New Mexico School District Report Cards – Santo Domingo Elementary,Santo Domingo Elementary,Overall Reading Proficiency (Grades 3-5),All Students,2023-24,0.19,,reading_assessment,,,,,,,,,,,
SDP,New SDP Reading Data,New Mexico School District Report Cards – Santo Domingo Elementary,Santo Domingo Elementary,Overall Reading Proficiency (Grades 3-5),All Students,2024-25,0.202,,reading_assessment,,,,,,,,,,,
SDP,New SDP Reading Data,New Mexico School District Report Cards – Santo Domingo Elementary,Bernalillo Public Schools,Overall Reading Proficiency (Grades 3-8),All Students,2022-23,0.26,,reading_assessment,,,,,,,,,,,
SDP,New SDP Reading Data,New Mexico School District Report Cards – Santo Domingo Elementary,Bernalillo Public Schools,Overall Reading Proficiency (Grades 3-8),All Students,2023-24,0.283,,reading_assessment,,,,,,,,,,,
SDP,New SDP Reading Data,New Mexico School District Report Cards – Santo Domingo Elementary,Bernalillo Public Schools,Overall Reading Proficiency (Grades 3-8),All Students,2024-25,0.329,,reading_assessment,,,,,,,,,,,
SDP,New SDP Reading Data,New Mexico School District Report Cards – Santo Domingo Elementary,State of New Mexico,Overall Reading Proficiency (Grades 3-8),All Students,2022-23,0.38,,reading_assessment,,,,,,,,,,,
SDP,New SDP Reading Data,New Mexico School District Report Cards – Santo Domingo Elementary,State of New Mexico,Overall Reading Proficiency (Grades 3-8),All Students,2023-24,0.389,,reading_assessment,,,,,,,,,,,
SDP,New SDP Reading Data,New Mexico School District Report Cards – Santo Domingo Elementary,State of New Mexico,Overall Reading Proficiency (Grades 3-8),All Students,2024-25,0.431,,reading_assessment,,,,,,,,,,,
SDP,New SDP Reading Data,New Mexico School District Report Cards – Santo Domingo Elementary,Santo Domingo Elementary,Overall Reading Proficiency (Grades 3-5),NA Students,2022-23,0.08,,reading_assessment,,,,,,,,,,,
SDP,New SDP Reading Data,New Mexico School District Report Cards – Santo Domingo Elementary,Santo Domingo Elementary,Overall Reading Proficiency (Grades 3-5),NA Students,2023-24,0.2,,reading_assessment,,,,,,,,,,,
SDP,New SDP Reading Data,New Mexico School District Report Cards – Santo Domingo Elementary,Santo Domingo Elementary,Overall Reading Proficiency (Grades 3-5),NA Students,2024-25,19.3.%,,reading_assessment,,,,,,,,,,,
SDP,New SDP Reading Data,New Mexico School District Report Cards – Santo Domingo Elementary,Bernalillo Public Schools,Overall Reading Proficiency (Grades 3-8),NA Students,2022-23,0.19,,reading_assessment,,,,,,,,,,,
SDP,New SDP Reading Data,New Mexico School District Report Cards – Santo Domingo Elementary,Bernalillo Public Schools,Overall Reading Proficiency (Grades 3-8),NA Students,2023-24,0.21,,reading_assessment,,,,,,,,,,,
SDP,New SDP Reading Data,New Mexico School District Report Cards – Santo Domingo Elementary,Bernalillo Public Schools,Overall Reading Proficiency (Grades 3-8),NA Students,2024-25,0.242,,reading_assessment,,,,,,,,,,,
SDP,New SDP Reading Data,New Mexico School District Report Cards – Santo Domingo Elementary,State of New Mexico,Overall Reading Proficiency (Grades 3-8),NA Students,2022-23,0.23,,reading_assessment,,,,,,,,,,,
SDP,New SDP Reading Data,New Mexico School District Report Cards – Santo Domingo Elementary,State of New Mexico,Overall Reading Proficiency (Grades 3-8),NA Students,2023-24,0.253,,reading_assessment,,,,,,,,,,,
SDP,New SDP Reading Data,New Mexico School District Report Cards – Santo Domingo Elementary,State of New Mexico,Overall Reading Proficiency (Grades 3-8),NA Students,2024-25,0.299,,reading_assessment,,,,,,,,,,,
SDP,New SDP Reading Data,New Mexico School District Report Cards – Santo Domingo Elementary,Santo Domingo Elementary,All Student Test Participation (Grades 3-8),,2022-23,	≥ 98.0%,,reading_assessment,,,,,,,,,,,
SDP,New SDP Reading Data,New Mexico School District Report Cards – Santo Domingo Elementary,Santo Domingo Elementary,All Student Test Participation (Grades 3-8),,2023-24,≥ 98.0%,,reading_assessment,,,,,,,,,,,
SDP,New SDP Reading Data,New Mexico School District Report Cards – Santo Domingo Elementary,Santo Domingo Elementary,All Student Test Participation (Grades 3-8),,2024-25,	≥ 95.0%,,reading_assessment,,,,,,,,,,,
SDP,New SDP Reading Data,New Mexico School District Report Cards – Santo Domingo Elementary,Santo Domingo Elementary,NA Student Test Participation (Grades 3-8),,2022-23,	≥ 98.0%,,reading_assessment,,,,,,,,,,,
SDP,New SDP Reading Data,New Mexico School District Report Cards – Santo Domingo Elementary,Santo Domingo Elementary,NA Student Test Participation (Grades 3-8),,2023-24,	≥ 95.0%,,reading_assessment,,,,,,,,,,,
SDP,New SDP Reading Data,New Mexico School District Report Cards – Santo Domingo Elementary,Santo Domingo Elementary,NA Student Test Participation (Grades 3-8),,2024-25,	≥ 95.0%,,reading_assessment,,,,,,,,,,,
SDP,New SDP Reading Data,New Mexico School District Report Cards – Santo Domingo Elementary,Santo Domingo Elementary,Total Student Enrollment,,2022-23,246,,reading_assessment,,,,,,,,,,,
SDP,New SDP Reading Data,New Mexico School District Report Cards – Santo Domingo Elementary,Santo Domingo Elementary,Total Student Enrollment,,2023-24,217,,reading_assessment,,,,,,,,,,,
SDP,New SDP Reading Data,New Mexico School District Report Cards – Santo Domingo Elementary,Santo Domingo Elementary,Total Student Enrollment,,2024-25,207,,reading_assessment,,,,,,,,,,,
SDP,New SDP Reading Data,New Mexico School District Report Cards – Santo Domingo Elementary,Kindergarten Student Enrollment,Kindergarten Student Enrollment,,2022-23,43,Data collected from the NCES Elementary/Secondary Information System (ElSi) tableGenerator,reading_assessment,,,,,,,,,,,
SDP,New SDP Reading Data,New Mexico School District Report Cards – Santo Domingo Elementary,Kindergarten Student Enrollment,Kindergarten Student Enrollment,,2023-24,33,,reading_assessment,,,,,,,,,,,
SDP,New SDP Reading Data,New Mexico School District Report Cards – Santo Domingo Elementary,Kindergarten Student Enrollment,Kindergarten Student Enrollment,,2024-25,27,,reading_assessment,,,,,,,,,,,
SDP,New SDP Reading Data,New Mexico School District Report Cards – Santo Domingo Elementary,Grade 4 Student Enrollment,Grade 4 Student Enrollment,,2022-23,42,,reading_assessment,,,,,,,,,,,
SDP,New SDP Reading Data,New Mexico School District Report Cards – Santo Domingo Elementary,Grade 4 Student Enrollment,Grade 4 Student Enrollment,,2023-24,40,,reading_assessment,,,,,,,,,,,
SDP,New SDP Reading Data,New Mexico School District Report Cards – Santo Domingo Elementary,Grade 4 Student Enrollment,Grade 4 Student Enrollment,,2024-25,42,,reading_assessment,,,,,,,,,,,
SDP,New SDP Reading Data,New Mexico School District Report Cards – Santo Domingo Elementary,AI/AN Student Enrollment,AI/AN Student Enrollment,,2022-23,241,,reading_assessment,,,,,,,,,,,
SDP,New SDP Reading Data,New Mexico School District Report Cards – Santo Domingo Elementary,AI/AN Student Enrollment,AI/AN Student Enrollment,,2023-24,207,,reading_assessment,,,,,,,,,,,
SDP,New SDP Reading Data,New Mexico School District Report Cards – Santo Domingo Elementary,AI/AN Student Enrollment,AI/AN Student Enrollment,,2024-25,182,,reading_assessment,,,,,,,,,,,
SDP,New SDP Reading Data,New Mexico School District Report Cards – Santo Domingo Elementary,Total Student Enrollment,Total Student Enrollment,,2022-23,246,,reading_assessment,,,,,,,,,,,
SDP,New SDP Reading Data,New Mexico School District Report Cards – Santo Domingo Elementary,Total Student Enrollment,Total Student Enrollment,,2023-24,220,,reading_assessment,,,,,,,,,,,
SDP,New SDP Reading Data,New Mexico School District Report Cards – Santo Domingo Elementary,Total Student Enrollment,Total Student Enrollment,,2024-25,206,,reading_assessment,,,,,,,,,,,
Yurok,New Yurok Reading Data,,CAASPP ELA – Percent Met or Exceeded (Grade 4),All Students,,2018-19,0.25,"Some data gathered from California School Dashboard:
2019-20 
2020-21
2021-22
2022-23
2023-24
2024-25
2025-56",reading_assessment,,,,,,,,,,,
Yurok,New Yurok Reading Data,,CAASPP ELA – Percent Met or Exceeded (Grade 4),All Students,,2019-20,--,,reading_assessment,,,,,,,,,,,
Yurok,New Yurok Reading Data,,CAASPP ELA – Percent Met or Exceeded (Grade 4),All Students,,2020-21,--,,reading_assessment,,,,,,,,,,,
Yurok,New Yurok Reading Data,,CAASPP ELA – Percent Met or Exceeded (Grade 4),All Students,,2021-22,*,,reading_assessment,,,,,,,,,,,
Yurok,New Yurok Reading Data,,CAASPP ELA – Percent Met or Exceeded (Grade 4),All Students,,2022-23,0.0667,,reading_assessment,,,,,,,,,,,
Yurok,New Yurok Reading Data,,CAASPP ELA – Percent Met or Exceeded (Grade 4),All Students,,2023-24,0.1538,,reading_assessment,,,,,,,,,,,
Yurok,New Yurok Reading Data,,CAASPP ELA – Percent Met or Exceeded (Grade 4),All Students,,2024-25,0.1764,,reading_assessment,,,,,,,,,,,
Yurok,New Yurok Reading Data,,CAASPP ELA – Students Tested (Grade 4),All Students,,2018-19,12,,reading_assessment,,,,,,,,,,,
Yurok,New Yurok Reading Data,,CAASPP ELA – Students Tested (Grade 4),All Students,,2019-20,--,,reading_assessment,,,,,,,,,,,
Yurok,New Yurok Reading Data,,CAASPP ELA – Students Tested (Grade 4),All Students,,2020-21,0,,reading_assessment,,,,,,,,,,,
Yurok,New Yurok Reading Data,,CAASPP ELA – Students Tested (Grade 4),All Students,,2021-22,10,,reading_assessment,,,,,,,,,,,
Yurok,New Yurok Reading Data,,CAASPP ELA – Students Tested (Grade 4),All Students,,2022-23,15,,reading_assessment,,,,,,,,,,,
Yurok,New Yurok Reading Data,,CAASPP ELA – Students Tested (Grade 4),All Students,,2023-24,13,,reading_assessment,,,,,,,,,,,
Yurok,New Yurok Reading Data,,CAASPP ELA – Students Tested (Grade 4),All Students,,2024-25,17,,reading_assessment,,,,,,,,,,,
Yurok,New Yurok Reading Data,,CAASPP ELA – Percent Met or Exceeded (Grade 4),AI/AN Students,,2018-19,*,,reading_assessment,,,,,,,,,,,
Yurok,New Yurok Reading Data,,CAASPP ELA – Percent Met or Exceeded (Grade 4),AI/AN Students,,2019-20,--,,reading_assessment,,,,,,,,,,,
Yurok,New Yurok Reading Data,,CAASPP ELA – Percent Met or Exceeded (Grade 4),AI/AN Students,,2020-21,--,,reading_assessment,,,,,,,,,,,
Yurok,New Yurok Reading Data,,CAASPP ELA – Percent Met or Exceeded (Grade 4),AI/AN Students,,2021-22,*,,reading_assessment,,,,,,,,,,,
Yurok,New Yurok Reading Data,,CAASPP ELA – Percent Met or Exceeded (Grade 4),AI/AN Students,,2022-23,*,,reading_assessment,,,,,,,,,,,
Yurok,New Yurok Reading Data,,CAASPP ELA – Percent Met or Exceeded (Grade 4),AI/AN Students,,2023-24,*,,reading_assessment,,,,,,,,,,,
Yurok,New Yurok Reading Data,,CAASPP ELA – Percent Met or Exceeded (Grade 4),AI/AN Students,,2024-25,*,,reading_assessment,,,,,,,,,,,
Yurok,New Yurok Reading Data,,CAASPP ELA – Students Tested (Grade 4),AI/AN Students,,2018-19,7,,reading_assessment,,,,,,,,,,,
Yurok,New Yurok Reading Data,,CAASPP ELA – Students Tested (Grade 4),AI/AN Students,,2019-20,--,,reading_assessment,,,,,,,,,,,
Yurok,New Yurok Reading Data,,CAASPP ELA – Students Tested (Grade 4),AI/AN Students,,2020-21,0,,reading_assessment,,,,,,,,,,,
Yurok,New Yurok Reading Data,,CAASPP ELA – Students Tested (Grade 4),AI/AN Students,,2021-22,7,,reading_assessment,,,,,,,,,,,
Yurok,New Yurok Reading Data,,CAASPP ELA – Students Tested (Grade 4),AI/AN Students,,2022-23,9,,reading_assessment,,,,,,,,,,,
Yurok,New Yurok Reading Data,,CAASPP ELA – Students Tested (Grade 4),AI/AN Students,,2023-24,8,,reading_assessment,,,,,,,,,,,
Yurok,New Yurok Reading Data,,CAASPP ELA – Students Tested (Grade 4),AI/AN Students,,2024-25,9,,reading_assessment,,,,,,,,,,,
Yurok,New Yurok Reading Data,,CAASPP ELA – Percent Met or Exceeded (Grades 3-6),All Students,,2018-19,0.2121,,reading_assessment,,,,,,,,,,,
Yurok,New Yurok Reading Data,,CAASPP ELA – Percent Met or Exceeded (Grades 3-6),All Students,,2019-20,--,,reading_assessment,,,,,,,,,,,
Yurok,New Yurok Reading Data,,CAASPP ELA – Percent Met or Exceeded (Grades 3-6),All Students,,2020-21,--,,reading_assessment,,,,,,,,,,,
Yurok,New Yurok Reading Data,,CAASPP ELA – Percent Met or Exceeded (Grades 3-6),All Students,,2021-22,--,,reading_assessment,,,,,,,,,,,
Yurok,New Yurok Reading Data,,CAASPP ELA – Percent Met or Exceeded (Grades 3-6),All Students,,2022-23,0.0233,,reading_assessment,,,,,,,,,,,
Yurok,New Yurok Reading Data,,CAASPP ELA – Percent Met or Exceeded (Grades 3-6),All Students,,2023-24,0.102,,reading_assessment,,,,,,,,,,,
Yurok,New Yurok Reading Data,,CAASPP ELA – Percent Met or Exceeded (Grades 3-6),All Students,,2024-25,0.0976,,reading_assessment,,,,,,,,,,,
Yurok,New Yurok Reading Data,,CAASPP ELA – Percent Met or Exceeded (Grades 3-6),All Students,,2025-26,0.1633,,reading_assessment,,,,,,,,,,,
Yurok,New Yurok Reading Data,,CAASPP ELA – Percent Met or Exceeded (Grades 3-6),AI/AN Students,,2018-19,0.15,,reading_assessment,,,,,,,,,,,
Yurok,New Yurok Reading Data,,CAASPP ELA – Percent Met or Exceeded (Grades 3-6),AI/AN Students,,2019-20,--,,reading_assessment,,,,,,,,,,,
Yurok,New Yurok Reading Data,,CAASPP ELA – Percent Met or Exceeded (Grades 3-6),AI/AN Students,,2020-21,--,,reading_assessment,,,,,,,,,,,
Yurok,New Yurok Reading Data,,CAASPP ELA – Percent Met or Exceeded (Grades 3-6),AI/AN Students,,2021-22,--,,reading_assessment,,,,,,,,,,,
Yurok,New Yurok Reading Data,,CAASPP ELA – Percent Met or Exceeded (Grades 3-6),AI/AN Students,,2022-23,0.0345,,reading_assessment,,,,,,,,,,,
Yurok,New Yurok Reading Data,,CAASPP ELA – Percent Met or Exceeded (Grades 3-6),AI/AN Students,,2023-24,0.069,,reading_assessment,,,,,,,,,,,
Yurok,New Yurok Reading Data,,CAASPP ELA – Percent Met or Exceeded (Grades 3-6),AI/AN Students,,2024-25,0,,reading_assessment,,,,,,,,,,,
Yurok,New Yurok Reading Data,,CAASPP ELA – Percent Met or Exceeded (Grades 3-6),AI/AN Students,,2025-26,0.037,,reading_assessment,,,,,,,,,,,
Yurok,New Yurok Reading Data,,CAASPP ELA – Percent Tested (Grades 3-6),All Students,,2018-19,0.9429,,reading_assessment,,,,,,,,,,,
Yurok,New Yurok Reading Data,,CAASPP ELA – Percent Tested (Grades 3-6),All Students,,2019-20,--,,reading_assessment,,,,,,,,,,,
Yurok,New Yurok Reading Data,,CAASPP ELA – Percent Tested (Grades 3-6),All Students,,2020-21,--,,reading_assessment,,,,,,,,,,,
Yurok,New Yurok Reading Data,,CAASPP ELA – Percent Tested (Grades 3-6),All Students,,2021-22,--,,reading_assessment,,,,,,,,,,,
Yurok,New Yurok Reading Data,,CAASPP ELA – Percent Tested (Grades 3-6),All Students,,2022-23,0.9556,,reading_assessment,,,,,,,,,,,
Yurok,New Yurok Reading Data,,CAASPP ELA – Percent Tested (Grades 3-6),All Students,,2023-24,1,,reading_assessment,,,,,,,,,,,
Yurok,New Yurok Reading Data,,CAASPP ELA – Percent Tested (Grades 3-6),All Students,,2024-25,0.9535,,reading_assessment,,,,,,,,,,,
Yurok,New Yurok Reading Data,,CAASPP ELA – Percent Tested (Grades 3-6),All Students,,2025-26,0.98,,reading_assessment,,,,,,,,,,,
Yurok,New Yurok Reading Data,,CAASPP ELA – Percent Tested (Grades 3-6),AI/AN Students,,2018-19,0.9524,,reading_assessment,,,,,,,,,,,
Yurok,New Yurok Reading Data,,CAASPP ELA – Percent Tested (Grades 3-6),AI/AN Students,,2019-20,--,,reading_assessment,,,,,,,,,,,
Yurok,New Yurok Reading Data,,CAASPP ELA – Percent Tested (Grades 3-6),AI/AN Students,,2020-21,--,,reading_assessment,,,,,,,,,,,
Yurok,New Yurok Reading Data,,CAASPP ELA – Percent Tested (Grades 3-6),AI/AN Students,,2021-22,--,,reading_assessment,,,,,,,,,,,
Yurok,New Yurok Reading Data,,CAASPP ELA – Percent Tested (Grades 3-6),AI/AN Students,,2022-23,0.9355,,reading_assessment,,,,,,,,,,,
Yurok,New Yurok Reading Data,,CAASPP ELA – Percent Tested (Grades 3-6),AI/AN Students,,2023-24,1,,reading_assessment,,,,,,,,,,,
Yurok,New Yurok Reading Data,,CAASPP ELA – Percent Tested (Grades 3-6),AI/AN Students,,2024-25,0.9583,,reading_assessment,,,,,,,,,,,
Yurok,New Yurok Reading Data,,CAASPP ELA – Percent Tested (Grades 3-6),AI/AN Students,,2025-26,1,,reading_assessment,,,,,,,,,,,
Yurok,New Yurok Reading Data,,Kindergarten Student Enrollment,Kindergarten Student Enrollment,,2018-19,17,,reading_assessment,,,,,,,,,,,
Yurok,New Yurok Reading Data,,Kindergarten Student Enrollment,Kindergarten Student Enrollment,,2019-20,22,,reading_assessment,,,,,,,,,,,
Yurok,New Yurok Reading Data,,Kindergarten Student Enrollment,Kindergarten Student Enrollment,,2020-21,24,,reading_assessment,,,,,,,,,,,
Yurok,New Yurok Reading Data,,Kindergarten Student Enrollment,Kindergarten Student Enrollment,,2021-22,23,,reading_assessment,,,,,,,,,,,
Yurok,New Yurok Reading Data,,Kindergarten Student Enrollment,Kindergarten Student Enrollment,,2022-23,18,,reading_assessment,,,,,,,,,,,
Yurok,New Yurok Reading Data,,Kindergarten Student Enrollment,Kindergarten Student Enrollment,,2023-24,11,,reading_assessment,,,,,,,,,,,
Yurok,New Yurok Reading Data,,Kindergarten Student Enrollment,Kindergarten Student Enrollment,,2024-25,17,,reading_assessment,,,,,,,,,,,
Yurok,New Yurok Reading Data,,Kindergarten Student Enrollment,Kindergarten Student Enrollment,,2025-26,18,,reading_assessment,,,,,,,,,,,
Yurok,New Yurok Reading Data,,Grade 4 Student Enrollment,Grade 4 Student Enrollment,,2018-19,11,,reading_assessment,,,,,,,,,,,
Yurok,New Yurok Reading Data,,Grade 4 Student Enrollment,Grade 4 Student Enrollment,,2019-20,14,,reading_assessment,,,,,,,,,,,
Yurok,New Yurok Reading Data,,Grade 4 Student Enrollment,Grade 4 Student Enrollment,,2020-21,7,,reading_assessment,,,,,,,,,,,
Yurok,New Yurok Reading Data,,Grade 4 Student Enrollment,Grade 4 Student Enrollment,,2021-22,18,,reading_assessment,,,,,,,,,,,
Yurok,New Yurok Reading Data,,Grade 4 Student Enrollment,Grade 4 Student Enrollment,,2022-23,11,,reading_assessment,,,,,,,,,,,
Yurok,New Yurok Reading Data,,Grade 4 Student Enrollment,Grade 4 Student Enrollment,,2023-24,15,,reading_assessment,,,,,,,,,,,
Yurok,New Yurok Reading Data,,Grade 4 Student Enrollment,Grade 4 Student Enrollment,,2024-25,16,,reading_assessment,,,,,,,,,,,
Yurok,New Yurok Reading Data,,Grade 4 Student Enrollment,Grade 4 Student Enrollment,,2025-26,17,,reading_assessment,,,,,,,,,,,
Yurok,New Yurok Reading Data,,AI/AN Student Enrollment,AI/AN Student Enrollment,,2018-19,62,,reading_assessment,,,,,,,,,,,
Yurok,New Yurok Reading Data,,AI/AN Student Enrollment,AI/AN Student Enrollment,,2019-20,65,,reading_assessment,,,,,,,,,,,
Yurok,New Yurok Reading Data,,AI/AN Student Enrollment,AI/AN Student Enrollment,,2020-21,68,,reading_assessment,,,,,,,,,,,
Yurok,New Yurok Reading Data,,AI/AN Student Enrollment,AI/AN Student Enrollment,,2021-22,75,,reading_assessment,,,,,,,,,,,
Yurok,New Yurok Reading Data,,AI/AN Student Enrollment,AI/AN Student Enrollment,,2022-23,64,,reading_assessment,,,,,,,,,,,
Yurok,New Yurok Reading Data,,AI/AN Student Enrollment,AI/AN Student Enrollment,,2023-24,56,,reading_assessment,,,,,,,,,,,
Yurok,New Yurok Reading Data,,AI/AN Student Enrollment,AI/AN Student Enrollment,,2024-25,50,,reading_assessment,,,,,,,,,,,
Yurok,New Yurok Reading Data,,AI/AN Student Enrollment,AI/AN Student Enrollment,,2025-26,49,,reading_assessment,,,,,,,,,,,
Yurok,New Yurok Reading Data,,Total Student Enrollment,Total Student Enrollment,,2018-19,92,,reading_assessment,,,,,,,,,,,
Yurok,New Yurok Reading Data,,Total Student Enrollment,Total Student Enrollment,,2019-20,96,,reading_assessment,,,,,,,,,,,
Yurok,New Yurok Reading Data,,Total Student Enrollment,Total Student Enrollment,,2020-21,107,,reading_assessment,,,,,,,,,,,
Yurok,New Yurok Reading Data,,Total Student Enrollment,Total Student Enrollment,,2021-22,104,,reading_assessment,,,,,,,,,,,
Yurok,New Yurok Reading Data,,Total Student Enrollment,Total Student Enrollment,,2022-23,98,,reading_assessment,,,,,,,,,,,
Yurok,New Yurok Reading Data,,Total Student Enrollment,Total Student Enrollment,,2023-24,95,,reading_assessment,,,,,,,,,,,
Yurok,New Yurok Reading Data,,Total Student Enrollment,Total Student Enrollment,,2024-25,95,,reading_assessment,,,,,,,,,,,
Yurok,New Yurok Reading Data,,Total Student Enrollment,Total Student Enrollment,,2025-26,86,,reading_assessment,,,,,,,,,,,
NC,New NC Reading Data,ESSA School Report Card – Lame Deer Elementary School,ELA – Percent Proficient or Advanced (Grades 3-6),All Students,,2017-18,0.05,,reading_assessment,,,,,,,,,,,
NC,New NC Reading Data,ESSA School Report Card – Lame Deer Elementary School,ELA – Percent Proficient or Advanced (Grades 3-6),All Students,,2018-19,0.03,,reading_assessment,,,,,,,,,,,
NC,New NC Reading Data,ESSA School Report Card – Lame Deer Elementary School,ELA – Percent Proficient or Advanced (Grades 3-6),All Students,,2019-20,--,,reading_assessment,,,,,,,,,,,
NC,New NC Reading Data,ESSA School Report Card – Lame Deer Elementary School,ELA – Percent Proficient or Advanced (Grades 3-6),All Students,,2020-21,0.02,,reading_assessment,,,,,,,,,,,
NC,New NC Reading Data,ESSA School Report Card – Lame Deer Elementary School,ELA – Percent Proficient or Advanced (Grades 3-6),All Students,,2021-22,0.03,,reading_assessment,,,,,,,,,,,
NC,New NC Reading Data,ESSA School Report Card – Lame Deer Elementary School,ELA – Percent Proficient or Advanced (Grades 3-6),All Students,,2022-23,0.02,,reading_assessment,,,,,,,,,,,
NC,New NC Reading Data,ESSA School Report Card – Lame Deer Elementary School,ELA – Percent Proficient or Advanced (Grades 3-6),All Students,,2023-24,0.01,,reading_assessment,,,,,,,,,,,
NC,New NC Reading Data,ESSA School Report Card – Lame Deer Elementary School,ELA – Percent Proficient or Advanced (Grades 3-6),All Students,,2024-25,0.02,,reading_assessment,,,,,,,,,,,
NC,New NC Reading Data,ESSA School Report Card – Lame Deer Elementary School,Kindergarten Student Enrollment,Kindergarten Student Enrollment,,2017-18,43,Data collected from the NCES Elementary/Secondary Information System (ElSi) tableGenerator,reading_assessment,,,,,,,,,,,
NC,New NC Reading Data,ESSA School Report Card – Lame Deer Elementary School,Kindergarten Student Enrollment,Kindergarten Student Enrollment,,2018-19,53,,reading_assessment,,,,,,,,,,,
NC,New NC Reading Data,ESSA School Report Card – Lame Deer Elementary School,Kindergarten Student Enrollment,Kindergarten Student Enrollment,,2019-20,54,,reading_assessment,,,,,,,,,,,
NC,New NC Reading Data,ESSA School Report Card – Lame Deer Elementary School,Kindergarten Student Enrollment,Kindergarten Student Enrollment,,2020-21,21,,reading_assessment,,,,,,,,,,,
NC,New NC Reading Data,ESSA School Report Card – Lame Deer Elementary School,Kindergarten Student Enrollment,Kindergarten Student Enrollment,,2021-22,38,,reading_assessment,,,,,,,,,,,
NC,New NC Reading Data,ESSA School Report Card – Lame Deer Elementary School,Kindergarten Student Enrollment,Kindergarten Student Enrollment,,2022-23,42,,reading_assessment,,,,,,,,,,,
NC,New NC Reading Data,ESSA School Report Card – Lame Deer Elementary School,Kindergarten Student Enrollment,Kindergarten Student Enrollment,,2023-24,43,,reading_assessment,,,,,,,,,,,
NC,New NC Reading Data,ESSA School Report Card – Lame Deer Elementary School,Kindergarten Student Enrollment,Kindergarten Student Enrollment,,2024-25,40,,reading_assessment,,,,,,,,,,,
NC,New NC Reading Data,ESSA School Report Card – Lame Deer Elementary School,Grade 4 Student Enrollment,Grade 4 Student Enrollment,,2017-18,45,,reading_assessment,,,,,,,,,,,
NC,New NC Reading Data,ESSA School Report Card – Lame Deer Elementary School,Grade 4 Student Enrollment,Grade 4 Student Enrollment,,2018-19,40,,reading_assessment,,,,,,,,,,,
NC,New NC Reading Data,ESSA School Report Card – Lame Deer Elementary School,Grade 4 Student Enrollment,Grade 4 Student Enrollment,,2019-20,47,,reading_assessment,,,,,,,,,,,
NC,New NC Reading Data,ESSA School Report Card – Lame Deer Elementary School,Grade 4 Student Enrollment,Grade 4 Student Enrollment,,2020-21,38,,reading_assessment,,,,,,,,,,,
NC,New NC Reading Data,ESSA School Report Card – Lame Deer Elementary School,Grade 4 Student Enrollment,Grade 4 Student Enrollment,,2021-22,39,,reading_assessment,,,,,,,,,,,
NC,New NC Reading Data,ESSA School Report Card – Lame Deer Elementary School,Grade 4 Student Enrollment,Grade 4 Student Enrollment,,2022-23,33,,reading_assessment,,,,,,,,,,,
NC,New NC Reading Data,ESSA School Report Card – Lame Deer Elementary School,Grade 4 Student Enrollment,Grade 4 Student Enrollment,,2023-24,53,,reading_assessment,,,,,,,,,,,
NC,New NC Reading Data,ESSA School Report Card – Lame Deer Elementary School,Grade 4 Student Enrollment,Grade 4 Student Enrollment,,2024-25,37,,reading_assessment,,,,,,,,,,,
NC,New NC Reading Data,ESSA School Report Card – Lame Deer Elementary School,AI/AN Student Enrollment,AI/AN Student Enrollment,,2017-18,293,,reading_assessment,,,,,,,,,,,
NC,New NC Reading Data,ESSA School Report Card – Lame Deer Elementary School,AI/AN Student Enrollment,AI/AN Student Enrollment,,2018-19,300,,reading_assessment,,,,,,,,,,,
NC,New NC Reading Data,ESSA School Report Card – Lame Deer Elementary School,AI/AN Student Enrollment,AI/AN Student Enrollment,,2019-20,299,,reading_assessment,,,,,,,,,,,
NC,New NC Reading Data,ESSA School Report Card – Lame Deer Elementary School,AI/AN Student Enrollment,AI/AN Student Enrollment,,2020-21,278,,reading_assessment,,,,,,,,,,,
NC,New NC Reading Data,ESSA School Report Card – Lame Deer Elementary School,AI/AN Student Enrollment,AI/AN Student Enrollment,,2021-22,271,,reading_assessment,,,,,,,,,,,
NC,New NC Reading Data,ESSA School Report Card – Lame Deer Elementary School,AI/AN Student Enrollment,AI/AN Student Enrollment,,2022-23,278,,reading_assessment,,,,,,,,,,,
NC,New NC Reading Data,ESSA School Report Card – Lame Deer Elementary School,AI/AN Student Enrollment,AI/AN Student Enrollment,,2023-24,295,,reading_assessment,,,,,,,,,,,
NC,New NC Reading Data,ESSA School Report Card – Lame Deer Elementary School,AI/AN Student Enrollment,AI/AN Student Enrollment,,2024-25,263,,reading_assessment,,,,,,,,,,,
NC,New NC Reading Data,ESSA School Report Card – Lame Deer Elementary School,Total Student Enrollment,Total Student Enrollment,,2017-18,309,,reading_assessment,,,,,,,,,,,
NC,New NC Reading Data,ESSA School Report Card – Lame Deer Elementary School,Total Student Enrollment,Total Student Enrollment,,2018-19,315,,reading_assessment,,,,,,,,,,,
NC,New NC Reading Data,ESSA School Report Card – Lame Deer Elementary School,Total Student Enrollment,Total Student Enrollment,,2019-20,312,,reading_assessment,,,,,,,,,,,
NC,New NC Reading Data,ESSA School Report Card – Lame Deer Elementary School,Total Student Enrollment,Total Student Enrollment,,2020-21,287,,reading_assessment,,,,,,,,,,,
NC,New NC Reading Data,ESSA School Report Card – Lame Deer Elementary School,Total Student Enrollment,Total Student Enrollment,,2021-22,280,,reading_assessment,,,,,,,,,,,
NC,New NC Reading Data,ESSA School Report Card – Lame Deer Elementary School,Total Student Enrollment,Total Student Enrollment,,2022-23,293,,reading_assessment,,,,,,,,,,,
NC,New NC Reading Data,ESSA School Report Card – Lame Deer Elementary School,Total Student Enrollment,Total Student Enrollment,,2023-24,309,,reading_assessment,,,,,,,,,,,
NC,New NC Reading Data,ESSA School Report Card – Lame Deer Elementary School,Total Student Enrollment,Total Student Enrollment,,2024-25,278,,reading_assessment,,,,,,,,,,,
Lumbee,,K-Reading Readiness Scores,,# of students,,Fall 2023,0.08,,reading_score,112,,,,,,,,,,
NC,,K-Reading Readiness Scores,,# of students,,Fall 2023,,,reading_score,35,,,,,,,,,,
SDP,,K-Reading Readiness Scores,,# of students,,Fall 2023,0.2,,reading_score,7,,,,,,,,,,
Yurok,,K-Reading Readiness Scores,,# of students,,Fall 2023,0.61,,reading_score,26,,,,,,,,,,
EBCI,,K-Reading Readiness Scores,,# of students,,Fall 2022,82% of Kindergarteners were well below the benchmark,,reading_score,,,,,,,,,,,
Lumbee,,K-Reading Readiness Scores,,# of students,,Fall 2022,0.11,,reading_score,97,,,,,,,,,,
SDP,,K-Reading Readiness Scores,,# of students,,Fall 2022,0.1904761905,,reading_score,8,,,,,,,,,,
EBCI,,K-Reading Readiness Scores,,# of students,,Fall 2021,87% of Kindergartners were well below the benchmark,,reading_score,,,,,,,,,,,
Lumbee,,K-Reading Readiness Scores,,# of students,,Fall 2021,22.5,,reading_score,,,,,,,,,,,
SDP,,K-Reading Readiness Scores,,# of students,,Fall 2021,0.2558139535,,reading_score,11,,,,,,,,,,
Lumbee,,K-Reading Readiness Scores,,# of students,,Fall 2020,*,,reading_score,,,,,,,,,,,
SDP,,K-Reading Readiness Scores,,# of students,,Fall 2020,0.5333333333,,reading_score,16,,,,,,,,,,
Lumbee,,K-Reading Readiness Scores,,# of students,,Fall 2019,58.5,,reading_score,,,,,,,,,,,
SDP,,K-Reading Readiness Scores,,# of students,,Fall 2019,0.2391304348,,reading_score,11,,,,,,,,,,
Lumbee,,K-Reading Readiness Scores,,# of students,,Fall 2018,15.8,,reading_score,,,,,,,,,,,
Lumbee,,K-Reading Readiness Scores,,# of students,,Fall 2017,27.5,,reading_score,,,,,,,,,,,
NC,,4th Grade Reading Scores,,OTHER,,Fall 2023,,,reading_score,31,,,,,,,,,,
SDP,,4th Grade Reading Scores,,# of students,,Fall 2023,0.1875,,reading_score,6,,,,,,,,,,
NC,,4th Grade Reading Scores,,OTHER,,Fall 2022,,,reading_score,33,,,,,,,,,,
SDP,,4th Grade Reading Scores,,# of students,,Fall 2022,0.125,,reading_score,5,,,,,,,,,,
Yurok,,4th Grade Reading Scores,,# of students,,Fall 2022,0.13,,reading_score,16,,,,,,,,,,
NC,,4th Grade Reading Scores,,OTHER,,Fall 2021,,,reading_score,39,,,,,,,,,,
SDP,,4th Grade Reading Scores,,# of students,,Fall 2021,0.1951219512,,reading_score,8,,,,,,,,,,
NC,,4th Grade Reading Scores,,OTHER,,Fall 2020,196,,reading_score,,,,,,,,,,,
SDP,,4th Grade Reading Scores,,# of students,,Fall 2020,0.3181818182,,reading_score,7,,,,,,,,,,
EBCI,,4th Grade Reading Scores,,# of students,,Fall 2019,196,,reading_score,,,,,,,,,,,
Lumbee,,4th Grade Reading Scores,,# of students,,Fall 2019,200,,reading_score,,,,,,,,,,,
NC,,4th Grade Reading Scores,,OTHER,,Fall 2019,198,,reading_score,,,,,,,,,,,
SDP,,4th Grade Reading Scores,,# of students,,Fall 2019,193,,reading_score,,,,,,,,,,,
EBCI,,4th Grade Reading Scores,,# of students,,Fall 2018,194,,reading_score,,,,,,,,,,,
Lumbee,,4th Grade Reading Scores,,# of students,,Fall 2018,199,,reading_score,,,,,,,,,,,
NC,,4th Grade Reading Scores,,OTHER,,Fall 2018,198,,reading_score,,,,,,,,,,,
EBCI,,4th Grade Reading Scores,,# of students,,Fall 2017,199,,reading_score,,,,,,,,,,,
NC,,4th Grade Reading Scores,,OTHER,,Fall 2017,194,,reading_score,,,,,,,,,,,
SDP,,4th Grade Reading Scores,,# of students,,Fall 2017,189,,reading_score,,,,,,,,,,,
EBCI,,4th Grade End of Grade Test Results,,GLP,,Fall 2019,No Data,,reading_score,No Data,,,,,,,,,,
EBCI,,4th Grade End of Grade Test Results,,GLP,,Fall 2018,27,,reading_score,42.6,,,,,,,,,,
EBCI,,4th Grade End of Grade Test Results,,GLP,,Fall 2017,29.1,,reading_score,42.7,,,,,,,,,,
EBCI,,,,,,,,,library_usage,,School Library,EBCI: Cherokee Elementary School,2023-24,4112,,"125-150 independent visits/week
500ish students in class visits/week",,,,
Lumbee,,,,,,,,,library_usage,,School Library,Lumbee: Pembroke Elementary School,2023-24,11338,,,,,,
NC,,,,,,,,,library_usage,,School Library,NC: Lame Deer Elementary School,2023-24,280,,380,,,,
SDP,,,,,,,,,library_usage,,School Library,SDP: Santo Domingo Elementary School,2023-24,*,,,,,,
Yurok,,,,,,,,,library_usage,,School Library,Yurok: 'O Me-nok  Learning Center,2023-24,2298,,,,,,
EBCI,,,,,,,,,library_usage,,School Library,EBCI: Cherokee Elementary School,2022-23,4028,,"720 students, pre-k - 5th gr",,,,
NC,,,,,,,,,library_usage,,School Library,NC: Lame Deer Elementary School,2022-23,293,,,,,,
Yurok,,,,,,,,,library_usage,,School Library,Yurok: 'O Me-nok  Learning Center,2022-23,3483,,,,,,
EBCI,,,,,,,,,library_usage,,School Library,EBCI: Cherokee Elementary School,2021-22,4893,,,,,,
Lumbee,,,,,,,,,library_usage,,School Library,Lumbee: Pembroke Elementary School,2021-22,12608,,,,,,
NC,,,,,,,,,library_usage,,School Library,NC: Lame Deer Elementary School,2021-22,280,,,,,,
Yurok,,,,,,,,,library_usage,,School Library,Yurok: 'O Me-nok  Learning Center,2021-22,2290,,,,,,
EBCI,,,,,,,,,library_usage,,School Library,EBCI: Cherokee Elementary School,2020-21,1986,,,,,,
Lumbee,,,,,,,,,library_usage,,School Library,Lumbee: Pembroke Elementary School,2020-21,535,,,,,,
NC,,,,,,,,,library_usage,,School Library,NC: Lame Deer Elementary School,2020-21,287,,,,,,
EBCI,,,,,,,,,library_usage,,School Library,EBCI: Cherokee Elementary School,2019-20,6404,,,,,,
Lumbee,,,,,,,,,library_usage,,School Library,Lumbee: Pembroke Elementary School,2019-20,24762,,,,,,
NC,,,,,,,,,library_usage,,School Library,NC: Lame Deer Elementary School,2019-20,312,,,,,,
EBCI,,,,,,,,,library_usage,,School Library,EBCI: Cherokee Elementary School,2018-19,10445,,,,,,
Lumbee,,,,,,,,,library_usage,,School Library,Lumbee: Pembroke Elementary School,2018-19,24004,,,,,,
NC,,,,,,,,,library_usage,,School Library,NC: Lame Deer Elementary School,2018-19,315,,,,,,
EBCI,,,,,,,,,library_usage,,School Library,EBCI: Cherokee Elementary School,2017-18,11006,,,,,,
Lumbee,,,,,,,,,library_usage,,School Library,Lumbee: Pembroke Elementary School,2017-18,26789,,,,,,
Lumbee,,,,,,,,,library_usage,,Public/Tribal Library,Lumbee: Robeson Public Library,2023-24,"13,171 total / 7,875 youth (through June 14) ",40 programs offered / 120 attendees (through May) ,6308,,,,
NC,,,,,,,,,library_usage,,Public/Tribal Library,NC: Woodenlegs Library,2023-24,2102,450,1620*,,,,
Yurok,,,,,,,,,library_usage,,Public/Tribal Library,Yurok: Del Norte Public Library,2023-24,26847,1964,3130,,,,
Lumbee,,,,,,,,,library_usage,,Public/Tribal Library,Lumbee: Robeson Public Library,2022-23,"13,159 total / 7,126 youth",53 programs offered / 300 attendees,6028,,,,
NC,,,,,,,,,library_usage,,Public/Tribal Library,NC: Woodenlegs Library,2022-23,,46,2223,,,,
Yurok,,,,,,,,,library_usage,,Public/Tribal Library,Yurok: Del Norte Public Library,2022-23,29160,1786,30000,,,,
Lumbee,,,,,,,,,library_usage,,Public/Tribal Library,Lumbee: Robeson Public Library,2021-22,"18,131 / 10,856",,,,,,
NC,,,,,,,,,library_usage,,Public/Tribal Library,NC: Woodenlegs Library,2021-22,32,190,2178,,,,
Yurok,,,,,,,,,library_usage,,Public/Tribal Library,Yurok: Del Norte Public Library,2021-22,21210,807,22500,,,,
Lumbee,,,,,,,,,library_usage,,Public/Tribal Library,Lumbee: Robeson Public Library,2020-21,"12,988 / 6,283",,,,,,
NC,,,,,,,,,library_usage,,Public/Tribal Library,NC: Woodenlegs Library,2020-21,100,30,1680,,,,
SDP,,,,,,,,,library_usage,,Public/Tribal Library,SDP: Santo Domingo Pueblo Public Library,2020-21,2059,,,,,,
Lumbee,,,,,,,,,library_usage,,Public/Tribal Library,Lumbee: Robeson Public Library,2019-20,"11,530 / 3,495",,,,,,
NC,,,,,,,,,library_usage,,Public/Tribal Library,NC: Woodenlegs Library,2019-20,80,,,,,,
SDP,,,,,,,,,library_usage,,Public/Tribal Library,SDP: Santo Domingo Pueblo Public Library,2019-20,3031,,,,,,
Lumbee,,,,,,,,,library_usage,,Public/Tribal Library,Lumbee: Robeson Public Library,2018-19,"15,914 / 5,706",,,,,,
NC,,,,,,,,,library_usage,,Public/Tribal Library,NC: Woodenlegs Library,2018-19,36,,,,,,
SDP,,,,,,,,,library_usage,,Public/Tribal Library,SDP: Santo Domingo Pueblo Public Library,2018-19,5006,,,,,,
SDP,,,,,,,,,library_usage,,Public/Tribal Library,SDP: Santo Domingo Pueblo Public Library,2017-18,4648,,,,,,
EBCI,,,,,,,,(preK enrollment count),enrollment,,Head Start,EBCI: Qualla Boundary Head Start,2023-24,,,,27.0,,,
Lumbee,,,,,,,,,enrollment,,Head Start,Lumbee: Pembroke Head Start,2023-24,,,,59.0,,,
NC,,,,,,,,Rising K: 51. r'cd by Leah from Tempe,enrollment,,Head Start,NC: Lame Deer Head Start,2023-24,,,,94.0,,,
SDP,,,,,,,,Rising Kinder PreK:,enrollment,,Head Start,SDP: Santo Domingo Pueblo Head Start,2023-24,,,,137.0,,,
Yurok,,,,,,,,"-Autumn 3/25/24 for 3 sites (total grads): Klamath, South (Eureka), and Ke'pel",enrollment,,Head Start,Yurok: 3 Yurok Tribe Head Start Sites,2023-24,,,,29.0,,,
EBCI,,,,,,,,(preK enrollment count),enrollment,,Head Start,EBCI: Qualla Boundary Head Start,2022-23,,,,46.0,,,
Lumbee,,,,,,,,,enrollment,,Head Start,Lumbee: Pembroke Head Start,2022-23,,,,59.0,,,
NC,,,,,,,,Rising K: 44. r'cd by Leah from Tempe,enrollment,,Head Start,NC: Lame Deer Head Start,2022-23,,,,85.0,,,
Yurok,,,,,,,,,enrollment,,Head Start,Yurok: 3 Yurok Tribe Head Start Sites,2022-23,,,,23.0,,,
EBCI,,,,,,,,(preK enrollment count),enrollment,,Head Start,EBCI: Qualla Boundary Head Start,2021-22,,,,35.0,,,
Lumbee,,,,,,,,,enrollment,,Head Start,Lumbee: Pembroke Head Start,2021-22,,,,59.0,,,
NC,,,,,,,,r'cd by Leah from Tempe,enrollment,,Head Start,NC: Lame Deer Head Start,2021-22,,,,57.0,,,
Yurok,,,,,,,,,enrollment,,Head Start,Yurok: 3 Yurok Tribe Head Start Sites,2021-22,,,,24.0,,,
EBCI,,,,,,,,(preK enrollment count),enrollment,,Head Start,EBCI: Qualla Boundary Head Start,2020-21,,,,75.0,,,
Lumbee,,,,,,,,,enrollment,,Head Start,Lumbee: Pembroke Head Start,2020-21,,,,59.0,,,
NC,,,,,,,,Annual report,enrollment,,Head Start,NC: Lame Deer Head Start,2020-21,,,,81.0,,,
Yurok,,,,,,,,,enrollment,,Head Start,Yurok: 3 Yurok Tribe Head Start Sites,2020-21,,,,27.0,,,
EBCI,,,,,,,,(preK enrollment count),enrollment,,Head Start,EBCI: Qualla Boundary Head Start,2019-20,,,,73.0,,,
Lumbee,,,,,,,,,enrollment,,Head Start,Lumbee: Pembroke Head Start,2019-20,,,,59.0,,,
NC,,,,,,,,Annual report,enrollment,,Head Start,NC: Lame Deer Head Start,2019-20,,,,141.0,,,
Yurok,,,,,,,,,enrollment,,Head Start,Yurok: 3 Yurok Tribe Head Start Sites,2019-20,,,,21.0,,,
Lumbee,,,,,,,,,enrollment,,Head Start,Lumbee: Pembroke Head Start,2018-19,,,,59.0,,,
NC,,,,,,,,r'cd by Leah from Tempe,enrollment,,Head Start,NC: Lame Deer Head Start,2018-19,,,,129.0,,,
NC,,,,,,,,r'cd by Leah from Tempe,enrollment,,Head Start,NC: Lame Deer Head Start,2017-18,,,,133.0,,,
EBCI,,,,,,,,"PreK: 58, K: 94, 4th: 114",enrollment,,School,EBCI: Cherokee Elementary School,2023-24,,,,710.0,,,
Lumbee,,,,,,,,"PreK: 30, K: 112, 4th: 104",enrollment,,School,Lumbee: Pembroke Elementary School,2023-24,,,,718.0,,,
NC,,,,,,,,"K: 38, 4th: 39",enrollment,,School,NC: Lame Deer Elementary School,2023-24,,,,280.0,,,
SDP,,,,,,,,"K: 38 , 4th: 32",enrollment,,School,SDP: Santo Domingo Elementary School,2023-24,,,,218.0,,,
Yurok,,,,,,,,"K: 16, 4th: 16",enrollment,,School,Yurok: O Me-nok Learning Center,2023-24,,,,94.0,,,
EBCI,,,,,,,,"PreK: 58, K: 99, 4th: 117",enrollment,,School,EBCI: Cherokee Elementary School,2022-23,,,,625.0,,,
Lumbee,,,,,,,,"PreK: 31, K: 100, 4th: 122",enrollment,,School,Lumbee: Pembroke Elementary School,2022-23,,,,692.0,,,
NC,,,,,,,,"K: 42, 4th: 33",enrollment,,School,NC: Lame Deer Elementary School,2022-23,,,,293.0,,,
SDP,,,,,,,,"K: 42, 4th: 43",enrollment,,School,SDP: Santo Domingo Elementary School,2022-23,,,,246.0,,,
Yurok,,,,,,,,"K: 11, 4th: 15",enrollment,,School,Yurok: O Me-nok Learning Center,2022-23,,,,95.0,,,
EBCI,,,,,,,,"PreK: 47, K: 114, 4th: 102",enrollment,,School,EBCI: Cherokee Elementary School,2021-22,,,,627.0,,,
Lumbee,,,,,,,,"PreK: 30, K: 114, 4th: 109",enrollment,,School,Lumbee: Pembroke Elementary School,2021-22,,,,719.0,,,
NC,,,,,,,,"K: 38, 4th: 39",enrollment,,School,NC: Lame Deer Elementary School,2021-22,,,,280.0,,,
SDP,,,,,,,,"K: 49, 4th: 51",enrollment,,School,SDP: Santo Domingo Elementary School,2021-22,,,,261.0,,,
Yurok,,,,,,,,"K: 18, 4th: 11",enrollment,,School,Yurok: O Me-nok Learning Center,2021-22,,,,98.0,,,
EBCI,,,,,,,,"PreK: 38, K: 113, 4th: 111",enrollment,,School,EBCI: Cherokee Elementary School,2020-21,,,,641.0,,,
Lumbee,,,,,,,,"PreK: 31, K: 121, 4th: 106",enrollment,,School,Lumbee: Pembroke Elementary School,2020-21,,,,758.0,,,
NC,,,,,,,,"K: 21, 4th: 38",enrollment,,School,NC: Lame Deer Elementary School,2020-21,,,,287.0,,,
SDP,,,,,,,,"K: 44, 4th: 29",enrollment,,School,SDP: Santo Domingo Elementary School,2020-21,,,,255.0,,,
Yurok,,,,,,,,"K: 23, 4th: 18",enrollment,,School,Yurok: O Me-nok Learning Center,2020-21,,,,104.0,,,
EBCI,,,,,,,,"PreK: 40, K: 143, 4th: 104",enrollment,,School,EBCI: Cherokee Elementary School,2019-20,,,,606.0,,,
Lumbee,,,,,,,,"PreK: 32, K: 141, 4th: 121",enrollment,,School,Lumbee: Pembroke Elementary School,2019-20,,,,783.0,,,
NC,,,,,,,,"K: 54, 4th: 47",enrollment,,School,NC: Lame Deer Elementary School,2019-20,,,,312.0,,,
SDP,,,,,,,,"K: 48, 4th: 42",enrollment,,School,SDP: Santo Domingo Elementary School,2019-20,,,,261.0,,,
Yurok,,,,,,,,"K: 24, 4th: 7",enrollment,,School,Yurok: O Me-nok Learning Center,2019-20,,,,107.0,,,
EBCI,,,,,,,,"PreK: 40, K: 113, 4th: 84",enrollment,,School,EBCI: Cherokee Elementary School,2018-19,,,,547.0,,,
Lumbee,,,,,,,,"PreK: 31, K: 113, 4th: 124",enrollment,,School,Lumbee: Pembroke Elementary School,2018-19,,,,784.0,,,
NC,,,,,,,,"K: 53, 4th: 40",enrollment,,School,NC: Lame Deer Elementary School,2018-19,,,,315.0,,,
SDP,,,,,,,,"K: 50, 4th: 41",enrollment,,School,SDP: Santo Domingo Elementary School,2018-19,,,,239.0,,,
Yurok,,,,,,,,"K: 22, 4th: 14",enrollment,,School,Yurok: O Me-nok Learning Center,2018-19,,,,96.0,,,
NC,,,,,,,,"K: 43, 4th: 45",enrollment,,School,NC: Lame Deer Elementary School,2017-18,,,,309.0,,,
Yurok,,,,,,,,,reading_log,,Head Start,Yurok: 3 Yurok Tribe Head Start Sites,2024-04,,,,,420.0,9.0,
EBCI,,,,,,,,,reading_log,,School Library,EBCI: Cherokee Elementary School,2023-03,,,,,460.0,23.0,
Lumbee,,,,,,,,,reading_log,,School Library,Lumbee: Pembroke Elementary School,2023-03,,,,,340.0,17.0,
EBCI,,,,,,,,,reading_log,,School Library,EBCI: Cherokee Elementary School,2023-04,,,,,1200.0,57.0,
Lumbee,,,,,,,,,reading_log,,School Library,Lumbee: Pembroke Elementary School,2023-04,,,,,1380.0,69.0,
EBCI,,,,,,,,,reading_log,,School Library,EBCI: Cherokee Elementary School,2023-05,,,,,1160.0,41.0,
Lumbee,,,,,,,,,reading_log,,School Library,Lumbee: Pembroke Elementary School,2023-05,,,,,360.0,18.0,
Lumbee,,,,,,,,,reading_log,,School Library,Lumbee: Pembroke Elementary School,2023-08,,,,,340.0,17.0,
EBCI,,,,,,,,,reading_log,,School Library,EBCI: Cherokee Elementary School,2023-09,,,,,1580.0,79.0,
EBCI,,,,,,,,"K -2, 1st - 10, 2nd - 27, 3rd - 2",reading_log,,School Library,EBCI: Cherokee Elementary School,2024-01,,,,,857.0,41.0,
EBCI,,,,,,,,"K -5, 1st - 15, 2nd - 35, 3rd- 4",reading_log,,School Library,EBCI: Cherokee Elementary School,2024-02,,,,,988.0,59.0,
EBCI,,,,,,,,"K-0, 1st -10, 2nd -27, 3rd -5",reading_log,,School Library,EBCI: Cherokee Elementary School,2024-03,,,,,1074.0,42.0,
EBCI,,,,,,,,"K-0, 1st -15, 2nd -31, 3rd -4",reading_log,,School Library,EBCI: Cherokee Elementary School,2024-04,,,,,1766.0,50.0,
EBCI,,,,,,,,"K-0, 1st - 21, 2nd - 52, 3rd - 1",reading_log,,School Library,EBCI: Cherokee Elementary School,2024-05,,,,,2212.0,74.0,
EBCI,,,,,,,,,reading_log,,School Library,EBCI: Cherokee Elementary School,2024-09,,,,,2275.0,73.0,
NC,,,,,,,,"35 enrolled in summer reading program, 15 completed",reading_log,,Public/Tribal Library,NC: Woodenlegs Library,Summer2024,,,,,154.0,15.0,
EBCI,,,,,,,,,dissemination,,Head Start LFL,EBCI: Qualla Boundary Head Start,,,,,,,,838.0
Lumbee,,,,,,,,,dissemination,,Head Start LFL,Lumbee: Pembroke Head Start,,,,,,,,3259.0
NC,,,,,,,,,dissemination,,Head Start LFL,NC: Lame Deer Head Start,,,,,,,,80.0
SDP,,,,,,,,,dissemination,,Head Start LFL,SDP: Santo Domingo Pueblo Head Start,,,,,,,,10100.0
Yurok,,,,,,,,,dissemination,,Head Start LFL,Yurok: Ke'pel Head Start,,,,,,,,531.0
ALL,,,,,,,,,dissemination,,Head Start LFL,TOTAL,,,,,,,,14808.0
EBCI,,,,,,,,,dissemination,,Elementary School LFL,EBCI: Cherokee Elementary School,,,,,,,,2860.0
Lumbee,,,,,,,,,dissemination,,Elementary School LFL,Lumbee: Pembroke Elementary School,,,,,,,,3366.0
NC,,,,,,,,,dissemination,,Elementary School LFL,NC: Lame Deer Elementary School,,,,,,,,5950.0
SDP,,,,,,,,,dissemination,,Elementary School LFL,SDP: Santo Domingo Elementary School,,,,,,,,653.0
Yurok,,,,,,,,,dissemination,,Elementary School LFL,Yurok: O Me-nok Learning Center,,,,,,,,603.0
ALL,,,,,,,,,dissemination,,Elementary School LFL,TOTAL,,,,,,,,13432.0
EBCI,,,,,,,,,dissemination,,Public/Tribal Library or Community LFL,EBCI: Snowbird Community Library,,,,,,,,778.0
Lumbee,,,,,,,,,dissemination,,Public/Tribal Library or Community LFL,Lumbee: Pembroke Boys & Girls Club,,,,,,,,2944.0
NC,,,,,,,,,dissemination,,Public/Tribal Library or Community LFL,NC: Woodenlegs Library,,,,,,,,637.0
SDP,,,,,,,,,dissemination,,Public/Tribal Library or Community LFL,SDP: Santo Domingo Pueblo Public Library,,,,,,,,760.0
Yurok,,,,,,,,,dissemination,,Public/Tribal Library or Community LFL,Yurok: Boys & Girls Club LFL,,,,,,,,72.0
ALL,,,,,,,,,dissemination,,Public/Tribal Library or Community LFL,TOTAL,,,,,,,,5191.0
EBCI,,,,,,,,,dissemination,,Free Book Fairs / Book Giveaways,EBCI,,,,,,,,3025.0
Lumbee,,,,,,,,,dissemination,,Free Book Fairs / Book Giveaways,Lumbee,,,,,,,,2741.0
NC,,,,,,,,,dissemination,,Free Book Fairs / Book Giveaways,NC,,,,,,,,2935.0
SDP,,,,,,,,,dissemination,,Free Book Fairs / Book Giveaways,SDP,,,,,,,,1600.0
Yurok,,,,,,,,,dissemination,,Free Book Fairs / Book Giveaways,Yurok,,,,,,,,8277.0
ALL,,,,,,,,,dissemination,,Free Book Fairs / Book Giveaways,TOTAL,,,,,,,,18578.0
EBCI,,,,,,,,,dissemination,,Take Home Cardboard Library Boxes and Stickers,EBCI,,,,,,,,560.0
Lumbee,,,,,,,,,dissemination,,Take Home Cardboard Library Boxes and Stickers,Lumbee,,,,,,,,400.0
NC,,,,,,,,,dissemination,,Take Home Cardboard Library Boxes and Stickers,NC,,,,,,,,400.0
SDP,,,,,,,,,dissemination,,Take Home Cardboard Library Boxes and Stickers,SDP,,,,,,,,400.0
Yurok,,,,,,,,,dissemination,,Take Home Cardboard Library Boxes and Stickers,Yurok,,,,,,,,216.0
ALL,,,,,,,,,dissemination,,Take Home Cardboard Library Boxes and Stickers,TOTAL,,,,,,,,1976.0
