partner,source_sheet,section,entity,metric,student_group,school_year,value,notes
Lumbee,New Lumbee Reading Data,North Carolina School Report Cards,Pembroke Elementary,Grade Level Proficient (Levels 3-5),,2016-17,0.327,
Lumbee,New Lumbee Reading Data,North Carolina School Report Cards,Pembroke Elementary,Grade Level Proficient (Levels 3-5),,2017-18,0.377,
Lumbee,New Lumbee Reading Data,North Carolina School Report Cards,Pembroke Elementary,Grade Level Proficient (Levels 3-5),,2018-19,0.398,
Lumbee,New Lumbee Reading Data,North Carolina School Report Cards,Pembroke Elementary,Grade Level Proficient (Levels 3-5),,2019-20,--,
Lumbee,New Lumbee Reading Data,North Carolina School Report Cards,Pembroke Elementary,Grade Level Proficient (Levels 3-5),,2020-21,0.272,
Lumbee,New Lumbee Reading Data,North Carolina School Report Cards,Pembroke Elementary,Grade Level Proficient (Levels 3-5),,2021-22,0.277,
Lumbee,New Lumbee Reading Data,North Carolina School Report Cards,Pembroke Elementary,Grade Level Proficient (Levels 3-5),,2022-23,0.271,
Lumbee,New Lumbee Reading Data,North Carolina School Report Cards,Pembroke Elementary,Grade Level Proficient (Levels 3-5),,2023-24,0.295,
Lumbee,New Lumbee Reading Data,North Carolina School Report Cards,Pembroke Elementary,Grade Level Proficient (Levels 3-5),,2024-25,0.378,
Lumbee,New Lumbee Reading Data,North Carolina School Report Cards,Robeson County Schools,Grade Level Proficient (Levels 3-5),,2016-17,0.364,
Lumbee,New Lumbee Reading Data,North Carolina School Report Cards,Robeson County Schools,Grade Level Proficient (Levels 3-5),,2017-18,0.382,
Lumbee,New Lumbee Reading Data,North Carolina School Report Cards,Robeson County Schools,Grade Level Proficient (Levels 3-5),,2018-19,0.364,
Lumbee,New Lumbee Reading Data,North Carolina School Report Cards,Robeson County Schools,Grade Level Proficient (Levels 3-5),,2019-20,--,
Lumbee,New Lumbee Reading Data,North Carolina School Report Cards,Robeson County Schools,Grade Level Proficient (Levels 3-5),,2020-21,0.23,
Lumbee,New Lumbee Reading Data,North Carolina School Report Cards,Robeson County Schools,Grade Level Proficient (Levels 3-5),,2021-22,0.272,
Lumbee,New Lumbee Reading Data,North Carolina School Report Cards,Robeson County Schools,Grade Level Proficient (Levels 3-5),,2022-23,0.31,
Lumbee,New Lumbee Reading Data,North Carolina School Report Cards,Robeson County Schools,Grade Level Proficient (Levels 3-5),,2023-24,0.297,
Lumbee,New Lumbee Reading Data,North Carolina School Report Cards,Robeson County Schools,Grade Level Proficient (Levels 3-5),,2024-25,0.324,
Lumbee,New Lumbee Reading Data,North Carolina School Report Cards,State of North Carolina,Grade Level Proficient (Levels 3-5),,2016-17,0.575,
Lumbee,New Lumbee Reading Data,North Carolina School Report Cards,State of North Carolina,Grade Level Proficient (Levels 3-5),,2017-18,0.573,
Lumbee,New Lumbee Reading Data,North Carolina School Report Cards,State of North Carolina,Grade Level Proficient (Levels 3-5),,2018-19,0.572,
Lumbee,New Lumbee Reading Data,North Carolina School Report Cards,State of North Carolina,Grade Level Proficient (Levels 3-5),,2019-20,--,
Lumbee,New Lumbee Reading Data,North Carolina School Report Cards,State of North Carolina,Grade Level Proficient (Levels 3-5),,2020-21,0.456,
Lumbee,New Lumbee Reading Data,North Carolina School Report Cards,State of North Carolina,Grade Level Proficient (Levels 3-5),,2021-22,0.484,
Lumbee,New Lumbee Reading Data,North Carolina School Report Cards,State of North Carolina,Grade Level Proficient (Levels 3-5),,2022-23,0.502,
Lumbee,New Lumbee Reading Data,North Carolina School Report Cards,State of North Carolina,Grade Level Proficient (Levels 3-5),,2023-24,0.501,
Lumbee,New Lumbee Reading Data,North Carolina School Report Cards,State of North Carolina,Grade Level Proficient (Levels 3-5),,2024-25,0.525,
Lumbee,New Lumbee Reading Data,North Carolina School Report Cards,Pembroke Elementary,Career and College Ready (Levels 4-5),,2016-17,0.196,
Lumbee,New Lumbee Reading Data,North Carolina School Report Cards,Pembroke Elementary,Career and College Ready (Levels 4-5),,2017-18,0.263,
Lumbee,New Lumbee Reading Data,North Carolina School Report Cards,Pembroke Elementary,Career and College Ready (Levels 4-5),,2018-19,0.264,
Lumbee,New Lumbee Reading Data,North Carolina School Report Cards,Pembroke Elementary,Career and College Ready (Levels 4-5),,2019-20,--,
Lumbee,New Lumbee Reading Data,North Carolina School Report Cards,Pembroke Elementary,Career and College Ready (Levels 4-5),,2020-21,0.17,
Lumbee,New Lumbee Reading Data,North Carolina School Report Cards,Pembroke Elementary,Career and College Ready (Levels 4-5),,2021-22,0.137,
Lumbee,New Lumbee Reading Data,North Carolina School Report Cards,Pembroke Elementary,Career and College Ready (Levels 4-5),,2022-23,0.14,
Lumbee,New Lumbee Reading Data,North Carolina School Report Cards,Pembroke Elementary,Career and College Ready (Levels 4-5),,2023-24,0.151,
Lumbee,New Lumbee Reading Data,North Carolina School Report Cards,Pembroke Elementary,Career and College Ready (Levels 4-5),,2024-25,0.176,
Lumbee,New Lumbee Reading Data,North Carolina School Report Cards,Robeson County Schools,Career and College Ready (Levels 4-5),,2016-17,0.244,
Lumbee,New Lumbee Reading Data,North Carolina School Report Cards,Robeson County Schools,Career and College Ready (Levels 4-5),,2017-18,0.269,
Lumbee,New Lumbee Reading Data,North Carolina School Report Cards,Robeson County Schools,Career and College Ready (Levels 4-5),,2018-19,0.25,
Lumbee,New Lumbee Reading Data,North Carolina School Report Cards,Robeson County Schools,Career and College Ready (Levels 4-5),,2019-20,--,
Lumbee,New Lumbee Reading Data,North Carolina School Report Cards,Robeson County Schools,Career and College Ready (Levels 4-5),,2020-21,0.112,
Lumbee,New Lumbee Reading Data,North Carolina School Report Cards,Robeson County Schools,Career and College Ready (Levels 4-5),,2021-22,0.119,
Lumbee,New Lumbee Reading Data,North Carolina School Report Cards,Robeson County Schools,Career and College Ready (Levels 4-5),,2022-23,0.135,
Lumbee,New Lumbee Reading Data,North Carolina School Report Cards,Robeson County Schools,Career and College Ready (Levels 4-5),,2023-24,0.136,
Lumbee,New Lumbee Reading Data,North Carolina School Report Cards,Robeson County Schools,Career and College Ready (Levels 4-5),,2024-25,0.139,
Lumbee,New Lumbee Reading Data,North Carolina School Report Cards,State of North Carolina,Career and College Ready (Levels 4-5),,2016-17,0.455,
Lumbee,New Lumbee Reading Data,North Carolina School Report Cards,State of North Carolina,Career and College Ready (Levels 4-5),,2017-18,0.46,
Lumbee,New Lumbee Reading Data,North Carolina School Report Cards,State of North Carolina,Career and College Ready (Levels 4-5),,2018-19,0.452,
Lumbee,New Lumbee Reading Data,North Carolina School Report Cards,State of North Carolina,Career and College Ready (Levels 4-5),,2019-20,--,
Lumbee,New Lumbee Reading Data,North Carolina School Report Cards,State of North Carolina,Career and College Ready (Levels 4-5),,2020-21,0.289,
Lumbee,New Lumbee Reading Data,North Carolina School Report Cards,State of North Carolina,Career and College Ready (Levels 4-5),,2021-22,0.293,
Lumbee,New Lumbee Reading Data,North Carolina School Report Cards,State of North Carolina,Career and College Ready (Levels 4-5),,2022-23,0.309,
Lumbee,New Lumbee Reading Data,North Carolina School Report Cards,State of North Carolina,Career and College Ready (Levels 4-5),,2023-24,0.305,
Lumbee,New Lumbee Reading Data,North Carolina School Report Cards,State of North Carolina,Career and College Ready (Levels 4-5),,2024-25,0.315,
Lumbee,New Lumbee Reading Data,North Carolina School Report Cards,Pembroke Elementary,Read to Achieve,Met Grade 3 Benchmark,2016-17,0.597,
Lumbee,New Lumbee Reading Data,North Carolina School Report Cards,Pembroke Elementary,Read to Achieve,Met Grade 3 Benchmark,2017-18,0.724,
Lumbee,New Lumbee Reading Data,North Carolina School Report Cards,Pembroke Elementary,Read to Achieve,Met Grade 3 Benchmark,2018-19,0.5,
Lumbee,New Lumbee Reading Data,North Carolina School Report Cards,Pembroke Elementary,Read to Achieve,Met Grade 3 Benchmark,2019-20,--,
Lumbee,New Lumbee Reading Data,North Carolina School Report Cards,Pembroke Elementary,Read to Achieve,Met Grade 3 Benchmark,2020-21,0.633,
Lumbee,New Lumbee Reading Data,North Carolina School Report Cards,Pembroke Elementary,Read to Achieve,Met Grade 3 Benchmark,2021-22,0.416,
Lumbee,New Lumbee Reading Data,North Carolina School Report Cards,Pembroke Elementary,Read to Achieve,Met Grade 3 Benchmark,2022-23,0.505,
Lumbee,New Lumbee Reading Data,North Carolina School Report Cards,Pembroke Elementary,Read to Achieve,Met Grade 3 Benchmark,2023-24,0.537,
Lumbee,New Lumbee Reading Data,North Carolina School Report Cards,Pembroke Elementary,Read to Achieve,Met Grade 3 Benchmark,2024-25,0.593,
Lumbee,New Lumbee Reading Data,North Carolina School Report Cards,Robeson County Schools,Read to Achieve,Met Grade 3 Benchmark,2016-17,0.706,
Lumbee,New Lumbee Reading Data,North Carolina School Report Cards,Robeson County Schools,Read to Achieve,Met Grade 3 Benchmark,2017-18,0.709,
Lumbee,New Lumbee Reading Data,North Carolina School Report Cards,Robeson County Schools,Read to Achieve,Met Grade 3 Benchmark,2018-19,0.669,
Lumbee,New Lumbee Reading Data,North Carolina School Report Cards,Robeson County Schools,Read to Achieve,Met Grade 3 Benchmark,2019-20,--,
Lumbee,New Lumbee Reading Data,North Carolina School Report Cards,Robeson County Schools,Read to Achieve,Met Grade 3 Benchmark,2020-21,0.59,
Lumbee,New Lumbee Reading Data,North Carolina School Report Cards,Robeson County Schools,Read to Achieve,Met Grade 3 Benchmark,2021-22,0.588,
Lumbee,New Lumbee Reading Data,North Carolina School Report Cards,Robeson County Schools,Read to Achieve,Met Grade 3 Benchmark,2022-23,0.625,
Lumbee,New Lumbee Reading Data,North Carolina School Report Cards,Robeson County Schools,Read to Achieve,Met Grade 3 Benchmark,2023-24,0.629,
Lumbee,New Lumbee Reading Data,North Carolina School Report Cards,Robeson County Schools,Read to Achieve,Met Grade 3 Benchmark,2024-25,0.64,
Lumbee,New Lumbee Reading Data,North Carolina School Report Cards,State of North Carolina,Read to Achieve,Met Grade 3 Benchmark,2016-17,0.856,
Lumbee,New Lumbee Reading Data,North Carolina School Report Cards,State of North Carolina,Read to Achieve,Met Grade 3 Benchmark,2017-18,0.845,
Lumbee,New Lumbee Reading Data,North Carolina School Report Cards,State of North Carolina,Read to Achieve,Met Grade 3 Benchmark,2018-19,0.823,
Lumbee,New Lumbee Reading Data,North Carolina School Report Cards,State of North Carolina,Read to Achieve,Met Grade 3 Benchmark,2019-20,--,
Lumbee,New Lumbee Reading Data,North Carolina School Report Cards,State of North Carolina,Read to Achieve,Met Grade 3 Benchmark,2020-21,0.69,
Lumbee,New Lumbee Reading Data,North Carolina School Report Cards,State of North Carolina,Read to Achieve,Met Grade 3 Benchmark,2021-22,0.749,
Lumbee,New Lumbee Reading Data,North Carolina School Report Cards,State of North Carolina,Read to Achieve,Met Grade 3 Benchmark,2022-23,0.774,
Lumbee,New Lumbee Reading Data,North Carolina School Report Cards,State of North Carolina,Read to Achieve,Met Grade 3 Benchmark,2023-24,0.803,
Lumbee,New Lumbee Reading Data,North Carolina School Report Cards,State of North Carolina,Read to Achieve,Met Grade 3 Benchmark,2024-25,0.794,
Lumbee,New Lumbee Reading Data,North Carolina School Report Cards,Pembroke Elementary,Read to Achieve,Did Not Meet Grade 3 Benchmark,2016-17,0.403,
Lumbee,New Lumbee Reading Data,North Carolina School Report Cards,Pembroke Elementary,Read to Achieve,Did Not Meet Grade 3 Benchmark,2017-18,0.276,
Lumbee,New Lumbee Reading Data,North Carolina School Report Cards,Pembroke Elementary,Read to Achieve,Did Not Meet Grade 3 Benchmark,2018-19,0.5,
Lumbee,New Lumbee Reading Data,North Carolina School Report Cards,Pembroke Elementary,Read to Achieve,Did Not Meet Grade 3 Benchmark,2019-20,--,
Lumbee,New Lumbee Reading Data,North Carolina School Report Cards,Pembroke Elementary,Read to Achieve,Did Not Meet Grade 3 Benchmark,2020-21,0.367,
Lumbee,New Lumbee Reading Data,North Carolina School Report Cards,Pembroke Elementary,Read to Achieve,Did Not Meet Grade 3 Benchmark,2021-22,0.584,
Lumbee,New Lumbee Reading Data,North Carolina School Report Cards,Pembroke Elementary,Read to Achieve,Did Not Meet Grade 3 Benchmark,2022-23,0.495,
Lumbee,New Lumbee Reading Data,North Carolina School Report Cards,Pembroke Elementary,Read to Achieve,Did Not Meet Grade 3 Benchmark,2023-24,0.463,
Lumbee,New Lumbee Reading Data,North Carolina School Report Cards,Pembroke Elementary,Read to Achieve,Did Not Meet Grade 3 Benchmark,2024-25,0.407,
Lumbee,New Lumbee Reading Data,North Carolina School Report Cards,Robeson County Schools,Read to Achieve,Did Not Meet Grade 3 Benchmark,2016-17,0.294,
Lumbee,New Lumbee Reading Data,North Carolina School Report Cards,Robeson County Schools,Read to Achieve,Did Not Meet Grade 3 Benchmark,2017-18,0.291,
Lumbee,New Lumbee Reading Data,North Carolina School Report Cards,Robeson County Schools,Read to Achieve,Did Not Meet Grade 3 Benchmark,2018-19,0.331,
Lumbee,New Lumbee Reading Data,North Carolina School Report Cards,Robeson County Schools,Read to Achieve,Did Not Meet Grade 3 Benchmark,2019-20,--,
Lumbee,New Lumbee Reading Data,North Carolina School Report Cards,Robeson County Schools,Read to Achieve,Did Not Meet Grade 3 Benchmark,2020-21,0.41,
Lumbee,New Lumbee Reading Data,North Carolina School Report Cards,Robeson County Schools,Read to Achieve,Did Not Meet Grade 3 Benchmark,2021-22,0.412,
Lumbee,New Lumbee Reading Data,North Carolina School Report Cards,Robeson County Schools,Read to Achieve,Did Not Meet Grade 3 Benchmark,2022-23,0.375,
Lumbee,New Lumbee Reading Data,North Carolina School Report Cards,Robeson County Schools,Read to Achieve,Did Not Meet Grade 3 Benchmark,2023-24,0.371,
Lumbee,New Lumbee Reading Data,North Carolina School Report Cards,Robeson County Schools,Read to Achieve,Did Not Meet Grade 3 Benchmark,2024-25,0.36,
Lumbee,New Lumbee Reading Data,North Carolina School Report Cards,State of North Carolina,Read to Achieve,Did Not Meet Grade 3 Benchmark,2016-17,0.144,
Lumbee,New Lumbee Reading Data,North Carolina School Report Cards,State of North Carolina,Read to Achieve,Did Not Meet Grade 3 Benchmark,2017-18,0.155,
Lumbee,New Lumbee Reading Data,North Carolina School Report Cards,State of North Carolina,Read to Achieve,Did Not Meet Grade 3 Benchmark,2018-19,0.177,
Lumbee,New Lumbee Reading Data,North Carolina School Report Cards,State of North Carolina,Read to Achieve,Did Not Meet Grade 3 Benchmark,2019-20,--,
Lumbee,New Lumbee Reading Data,North Carolina School Report Cards,State of North Carolina,Read to Achieve,Did Not Meet Grade 3 Benchmark,2020-21,0.31,
Lumbee,New Lumbee Reading Data,North Carolina School Report Cards,State of North Carolina,Read to Achieve,Did Not Meet Grade 3 Benchmark,2021-22,0.251,
Lumbee,New Lumbee Reading Data,North Carolina School Report Cards,State of North Carolina,Read to Achieve,Did Not Meet Grade 3 Benchmark,2022-23,0.226,
Lumbee,New Lumbee Reading Data,North Carolina School Report Cards,State of North Carolina,Read to Achieve,Did Not Meet Grade 3 Benchmark,2023-24,0.197,
Lumbee,New Lumbee Reading Data,North Carolina School Report Cards,State of North Carolina,Read to Achieve,Did Not Meet Grade 3 Benchmark,2024-25,0.206,
Lumbee,New Lumbee Reading Data,North Carolina School Report Cards,Pembroke Elementary,Test Participation,Reading Grades 3-8,2016-17,--,
Lumbee,New Lumbee Reading Data,North Carolina School Report Cards,Pembroke Elementary,Test Participation,Reading Grades 3-8,2017-18,>95%,
Lumbee,New Lumbee Reading Data,North Carolina School Report Cards,Pembroke Elementary,Test Participation,Reading Grades 3-8,2018-19,>95%,
Lumbee,New Lumbee Reading Data,North Carolina School Report Cards,Pembroke Elementary,Test Participation,Reading Grades 3-8,2019-20,--,
Lumbee,New Lumbee Reading Data,North Carolina School Report Cards,Pembroke Elementary,Test Participation,Reading Grades 3-8,2020-21,--,
Lumbee,New Lumbee Reading Data,North Carolina School Report Cards,Pembroke Elementary,Test Participation,Reading Grades 3-8,2021-22,>95%,
Lumbee,New Lumbee Reading Data,North Carolina School Report Cards,Pembroke Elementary,Test Participation,Reading Grades 3-8,2022-23,>95%,
Lumbee,New Lumbee Reading Data,North Carolina School Report Cards,Pembroke Elementary,Test Participation,Reading Grades 3-8,2023-24,>95%,
Lumbee,New Lumbee Reading Data,North Carolina School Report Cards,Pembroke Elementary,Test Participation,Reading Grades 3-8,2024-25,>95%,
Lumbee,New Lumbee Reading Data,North Carolina School Report Cards,State of North Carolina,Reading Test Participation,Reading Grades 3-8,2016-17,--,
Lumbee,New Lumbee Reading Data,North Carolina School Report Cards,State of North Carolina,Reading Test Participation,Reading Grades 3-8,2017-18,>95%,
Lumbee,New Lumbee Reading Data,North Carolina School Report Cards,State of North Carolina,Reading Test Participation,Reading Grades 3-8,2018-19,>95%,
Lumbee,New Lumbee Reading Data,North Carolina School Report Cards,State of North Carolina,Reading Test Participation,Reading Grades 3-8,2019-20,--,
Lumbee,New Lumbee Reading Data,North Carolina School Report Cards,State of North Carolina,Reading Test Participation,Reading Grades 3-8,2020-21,--,
Lumbee,New Lumbee Reading Data,North Carolina School Report Cards,State of North Carolina,Reading Test Participation,Reading Grades 3-8,2021-22,>95%,
Lumbee,New Lumbee Reading Data,North Carolina School Report Cards,State of North Carolina,Reading Test Participation,Reading Grades 3-8,2022-23,>95%,
Lumbee,New Lumbee Reading Data,North Carolina School Report Cards,State of North Carolina,Reading Test Participation,Reading Grades 3-8,2023-24,>95%,
Lumbee,New Lumbee Reading Data,North Carolina School Report Cards,State of North Carolina,Reading Test Participation,Reading Grades 3-8,2024-25,>95%,
Lumbee,New Lumbee Reading Data,North Carolina School Report Cards,Pembroke Elementary,Student Enrollment,,2016-17,758,
Lumbee,New Lumbee Reading Data,North Carolina School Report Cards,Pembroke Elementary,Student Enrollment,,2017-18,781,
Lumbee,New Lumbee Reading Data,North Carolina School Report Cards,Pembroke Elementary,Student Enrollment,,2018-19,757,
Lumbee,New Lumbee Reading Data,North Carolina School Report Cards,Pembroke Elementary,Student Enrollment,,2019-20,744,
Lumbee,New Lumbee Reading Data,North Carolina School Report Cards,Pembroke Elementary,Student Enrollment,,2020-21,706,
Lumbee,New Lumbee Reading Data,North Carolina School Report Cards,Pembroke Elementary,Student Enrollment,,2021-22,677,
Lumbee,New Lumbee Reading Data,North Carolina School Report Cards,Pembroke Elementary,Student Enrollment,,2022-23,657,
Lumbee,New Lumbee Reading Data,North Carolina School Report Cards,Pembroke Elementary,Student Enrollment,,2023-24,674,
Lumbee,New Lumbee Reading Data,North Carolina School Report Cards,Pembroke Elementary,Student Enrollment,,2024-25,665,
Lumbee,New Lumbee Reading Data,North Carolina School Report Cards,Robeson County Schools,Student Enrollment,,2016-17,459,
Lumbee,New Lumbee Reading Data,North Carolina School Report Cards,Robeson County Schools,Student Enrollment,,2017-18,439,
Lumbee,New Lumbee Reading Data,North Carolina School Report Cards,Robeson County Schools,Student Enrollment,,2018-19,468,
Lumbee,New Lumbee Reading Data,North Carolina School Report Cards,Robeson County Schools,Student Enrollment,,2019-20,473,
Lumbee,New Lumbee Reading Data,North Carolina School Report Cards,Robeson County Schools,Student Enrollment,,2020-21,432,
Lumbee,New Lumbee Reading Data,North Carolina School Report Cards,Robeson County Schools,Student Enrollment,,2021-22,421,
Lumbee,New Lumbee Reading Data,North Carolina School Report Cards,Robeson County Schools,Student Enrollment,,2022-23,406,
Lumbee,New Lumbee Reading Data,North Carolina School Report Cards,Robeson County Schools,Student Enrollment,,2023-24,406,
Lumbee,New Lumbee Reading Data,North Carolina School Report Cards,Robeson County Schools,Student Enrollment,,2024-25,406,
Lumbee,New Lumbee Reading Data,North Carolina School Report Cards,State of North Carolina,Student Enrollment,,2016-17,490,
Lumbee,New Lumbee Reading Data,North Carolina School Report Cards,State of North Carolina,Student Enrollment,,2017-18,483,
Lumbee,New Lumbee Reading Data,North Carolina School Report Cards,State of North Carolina,Student Enrollment,,2018-19,477,
Lumbee,New Lumbee Reading Data,North Carolina School Report Cards,State of North Carolina,Student Enrollment,,2019-20,470,
Lumbee,New Lumbee Reading Data,North Carolina School Report Cards,State of North Carolina,Student Enrollment,,2020-21,433,
Lumbee,New Lumbee Reading Data,North Carolina School Report Cards,State of North Carolina,Student Enrollment,,2021-22,439,
Lumbee,New Lumbee Reading Data,North Carolina School Report Cards,State of North Carolina,Student Enrollment,,2022-23,445,
Lumbee,New Lumbee Reading Data,North Carolina School Report Cards,State of North Carolina,Student Enrollment,,2023-24,446,
Lumbee,New Lumbee Reading Data,North Carolina School Report Cards,State of North Carolina,Student Enrollment,,2024-25,452,
Lumbee,New Lumbee Reading Data,North Carolina School Report Cards,Pembroke Elementary,Students Enrolled in Preschool,,2016-17,--,
Lumbee,New Lumbee Reading Data,North Carolina School Report Cards,Pembroke Elementary,Students Enrolled in Preschool,,2017-18,31,
Lumbee,New Lumbee Reading Data,North Carolina School Report Cards,Pembroke Elementary,Students Enrolled in Preschool,,2018-19,31,
Lumbee,New Lumbee Reading Data,North Carolina School Report Cards,Pembroke Elementary,Students Enrolled in Preschool,,2019-20,32,
Lumbee,New Lumbee Reading Data,North Carolina School Report Cards,Pembroke Elementary,Students Enrolled in Preschool,,2020-21,31,
Lumbee,New Lumbee Reading Data,North Carolina School Report Cards,Pembroke Elementary,Students Enrolled in Preschool,,2021-22,30,
Lumbee,New Lumbee Reading Data,North Carolina School Report Cards,Pembroke Elementary,Students Enrolled in Preschool,,2022-23,31,
Lumbee,New Lumbee Reading Data,North Carolina School Report Cards,Pembroke Elementary,Students Enrolled in Preschool,,2023-24,32,
Lumbee,New Lumbee Reading Data,North Carolina School Report Cards,Pembroke Elementary,Students Enrolled in Preschool,,2024-25,31,
Lumbee,New Lumbee Reading Data,North Carolina School Report Cards,Robeson County Schools,Students Enrolled in Preschool,,2016-17,--,
Lumbee,New Lumbee Reading Data,North Carolina School Report Cards,Robeson County Schools,Students Enrolled in Preschool,,2017-18,477,
Lumbee,New Lumbee Reading Data,North Carolina School Report Cards,Robeson County Schools,Students Enrolled in Preschool,,2018-19,319,
Lumbee,New Lumbee Reading Data,North Carolina School Report Cards,Robeson County Schools,Students Enrolled in Preschool,,2019-20,424,
Lumbee,New Lumbee Reading Data,North Carolina School Report Cards,Robeson County Schools,Students Enrolled in Preschool,,2020-21,341,
Lumbee,New Lumbee Reading Data,North Carolina School Report Cards,Robeson County Schools,Students Enrolled in Preschool,,2021-22,400,
Lumbee,New Lumbee Reading Data,North Carolina School Report Cards,Robeson County Schools,Students Enrolled in Preschool,,2022-23,422,
Lumbee,New Lumbee Reading Data,North Carolina School Report Cards,Robeson County Schools,Students Enrolled in Preschool,,2023-24,434,
Lumbee,New Lumbee Reading Data,North Carolina School Report Cards,Robeson County Schools,Students Enrolled in Preschool,,2024-25,438,
Lumbee,New Lumbee Reading Data,North Carolina School Report Cards,State of North Carolina,Students Enrolled in Preschool,,2016-17,--,
Lumbee,New Lumbee Reading Data,North Carolina School Report Cards,State of North Carolina,Students Enrolled in Preschool,,2017-18,21428,
Lumbee,New Lumbee Reading Data,North Carolina School Report Cards,State of North Carolina,Students Enrolled in Preschool,,2018-19,21897,
Lumbee,New Lumbee Reading Data,North Carolina School Report Cards,State of North Carolina,Students Enrolled in Preschool,,2019-20,22514,
Lumbee,New Lumbee Reading Data,North Carolina School Report Cards,State of North Carolina,Students Enrolled in Preschool,,2020-21,18183,
Lumbee,New Lumbee Reading Data,North Carolina School Report Cards,State of North Carolina,Students Enrolled in Preschool,,2021-22,21466,
Lumbee,New Lumbee Reading Data,North Carolina School Report Cards,State of North Carolina,Students Enrolled in Preschool,,2022-23,22661,
Lumbee,New Lumbee Reading Data,North Carolina School Report Cards,State of North Carolina,Students Enrolled in Preschool,,2023-24,23779,
Lumbee,New Lumbee Reading Data,North Carolina School Report Cards,State of North Carolina,Students Enrolled in Preschool,,2024-25,23757,
Lumbee,New Lumbee Reading Data,North Carolina School Report Cards,Kindergarten Student Enrollment,Kindergarten Student Enrollment,,2017-18,134,
Lumbee,New Lumbee Reading Data,North Carolina School Report Cards,Kindergarten Student Enrollment,Kindergarten Student Enrollment,,2018-19,113,
Lumbee,New Lumbee Reading Data,North Carolina School Report Cards,Kindergarten Student Enrollment,Kindergarten Student Enrollment,,2019-20,141,
Lumbee,New Lumbee Reading Data,North Carolina School Report Cards,Kindergarten Student Enrollment,Kindergarten Student Enrollment,,2020-21,121,
Lumbee,New Lumbee Reading Data,North Carolina School Report Cards,Kindergarten Student Enrollment,Kindergarten Student Enrollment,,2021-22,114,
Lumbee,New Lumbee Reading Data,North Carolina School Report Cards,Kindergarten Student Enrollment,Kindergarten Student Enrollment,,2022-23,100,
Lumbee,New Lumbee Reading Data,North Carolina School Report Cards,Kindergarten Student Enrollment,Kindergarten Student Enrollment,,2023-24,115,
Lumbee,New Lumbee Reading Data,North Carolina School Report Cards,Kindergarten Student Enrollment,Kindergarten Student Enrollment,,2024-25,97,
Lumbee,New Lumbee Reading Data,North Carolina School Report Cards,Grade 4 Student Enrollment,Grade 4 Student Enrollment,,2017-18,112,
Lumbee,New Lumbee Reading Data,North Carolina School Report Cards,Grade 4 Student Enrollment,Grade 4 Student Enrollment,,2018-19,124,
Lumbee,New Lumbee Reading Data,North Carolina School Report Cards,Grade 4 Student Enrollment,Grade 4 Student Enrollment,,2019-20,121,
Lumbee,New Lumbee Reading Data,North Carolina School Report Cards,Grade 4 Student Enrollment,Grade 4 Student Enrollment,,2020-21,106,
Lumbee,New Lumbee Reading Data,North Carolina School Report Cards,Grade 4 Student Enrollment,Grade 4 Student Enrollment,,2021-22,109,
Lumbee,New Lumbee Reading Data,North Carolina School Report Cards,Grade 4 Student Enrollment,Grade 4 Student Enrollment,,2022-23,122,
Lumbee,New Lumbee Reading Data,North Carolina School Report Cards,Grade 4 Student Enrollment,Grade 4 Student Enrollment,,2023-24,107,
Lumbee,New Lumbee Reading Data,North Carolina School Report Cards,Grade 4 Student Enrollment,Grade 4 Student Enrollment,,2024-25,112,
Lumbee,New Lumbee Reading Data,North Carolina School Report Cards,AI/AN Student Enrollment,AI/AN Student Enrollment,,2017-18,670,
Lumbee,New Lumbee Reading Data,North Carolina School Report Cards,AI/AN Student Enrollment,AI/AN Student Enrollment,,2018-19,643,
Lumbee,New Lumbee Reading Data,North Carolina School Report Cards,AI/AN Student Enrollment,AI/AN Student Enrollment,,2019-20,665,
Lumbee,New Lumbee Reading Data,North Carolina School Report Cards,AI/AN Student Enrollment,AI/AN Student Enrollment,,2020-21,637,
Lumbee,New Lumbee Reading Data,North Carolina School Report Cards,AI/AN Student Enrollment,AI/AN Student Enrollment,,2021-22,592,
Lumbee,New Lumbee Reading Data,North Carolina School Report Cards,AI/AN Student Enrollment,AI/AN Student Enrollment,,2022-23,572,
Lumbee,New Lumbee Reading Data,North Carolina School Report Cards,AI/AN Student Enrollment,AI/AN Student Enrollment,,2023-24,580,
Lumbee,New Lumbee Reading Data,North Carolina School Report Cards,AI/AN Student Enrollment,AI/AN Student Enrollment,,2024-25,559,
Lumbee,New Lumbee Reading Data,North Carolina School Report Cards,Total Student Enrollment,Total Student Enrollment,,2017-18,612,
Lumbee,New Lumbee Reading Data,North Carolina School Report Cards,Total Student Enrollment,Total Student Enrollment,,2018-19,784,
Lumbee,New Lumbee Reading Data,North Carolina School Report Cards,Total Student Enrollment,Total Student Enrollment,,2019-20,783,
Lumbee,New Lumbee Reading Data,North Carolina School Report Cards,Total Student Enrollment,Total Student Enrollment,,2020-21,758,
Lumbee,New Lumbee Reading Data,North Carolina School Report Cards,Total Student Enrollment,Total Student Enrollment,,2021-22,719,
Lumbee,New Lumbee Reading Data,North Carolina School Report Cards,Total Student Enrollment,Total Student Enrollment,,2022-23,692,
Lumbee,New Lumbee Reading Data,North Carolina School Report Cards,Total Student Enrollment,Total Student Enrollment,,2023-24,704,
Lumbee,New Lumbee Reading Data,North Carolina School Report Cards,Total Student Enrollment,Total Student Enrollment,,2024-25,703,
Lumbee,New Lumbee Reading Data,North Carolina School Report Cards,Grade Level Proficient – All students,Grade Level Proficient – All students,,2020-21,0.277,
Lumbee,New Lumbee Reading Data,North Carolina School Report Cards,Grade Level Proficient – All students,Grade Level Proficient – All students,,2021-22,0.34,
Lumbee,New Lumbee Reading Data,North Carolina School Report Cards,Grade Level Proficient – All students,Grade Level Proficient – All students,,2022-23,0.275,
Lumbee,New Lumbee Reading Data,North Carolina School Report Cards,Grade Level Proficient – All students,Grade Level Proficient – All students,,2023-24,0.34,
Lumbee,New Lumbee Reading Data,North Carolina School Report Cards,Grade Level Proficient – All students,Grade Level Proficient – All students,,2024-25,0.441,
Lumbee,New Lumbee Reading Data,North Carolina School Report Cards,Grade Level Proficient – AI/AN students,Grade Level Proficient – AI/AN students,,2020-21,0.274,
Lumbee,New Lumbee Reading Data,North Carolina School Report Cards,Grade Level Proficient – AI/AN students,Grade Level Proficient – AI/AN students,,2021-22,0.364,
Lumbee,New Lumbee Reading Data,North Carolina School Report Cards,Grade Level Proficient – AI/AN students,Grade Level Proficient – AI/AN students,,2022-23,0.272,
Lumbee,New Lumbee Reading Data,North Carolina School Report Cards,Grade Level Proficient – AI/AN students,Grade Level Proficient – AI/AN students,,2023-24,0.349,
Lumbee,New Lumbee Reading Data,North Carolina School Report Cards,Grade Level Proficient – AI/AN students,Grade Level Proficient – AI/AN students,,2024-25,0.477,
Lumbee,New Lumbee Reading Data,North Carolina School Report Cards,Pembroke Elementary - All students,Pembroke Elementary - All students,,2021-22,28.2,
Lumbee,New Lumbee Reading Data,North Carolina School Report Cards,Pembroke Elementary - All students,Pembroke Elementary - All students,,2022-23,27.7,
Lumbee,New Lumbee Reading Data,North Carolina School Report Cards,Pembroke Elementary - All students,Pembroke Elementary - All students,,2023-24,30,
Lumbee,New Lumbee Reading Data,North Carolina School Report Cards,Pembroke Elementary - All students,Pembroke Elementary - All students,,2024-25,37.8,
EBCI,New EBCI Reading Data,BIE State Education Agency Report Cards,Enrolled Students,Enrolled Students,,2015-16,277,652
EBCI,New EBCI Reading Data,BIE State Education Agency Report Cards,Enrolled Students,Enrolled Students,,2019-20,664,
EBCI,New EBCI Reading Data,BIE State Education Agency Report Cards,Enrolled Students,Enrolled Students,,2020-21,702,
EBCI,New EBCI Reading Data,BIE State Education Agency Report Cards,Enrolled Students,Enrolled Students,,2021-22,683,
EBCI,New EBCI Reading Data,BIE State Education Agency Report Cards,Enrolled Students,Enrolled Students,,2022-23,650,
EBCI,New EBCI Reading Data,BIE State Education Agency Report Cards,Enrolled Students,Enrolled Students,,2023-24,652,
EBCI,New EBCI Reading Data,BIE State Education Agency Report Cards,Enrolled AI/AN Students,Enrolled AI/AN Students,,2015-16,277,610
EBCI,New EBCI Reading Data,BIE State Education Agency Report Cards,Enrolled AI/AN Students,Enrolled AI/AN Students,,2019-20,613,
EBCI,New EBCI Reading Data,BIE State Education Agency Report Cards,Enrolled AI/AN Students,Enrolled AI/AN Students,,2020-21,644,
EBCI,New EBCI Reading Data,BIE State Education Agency Report Cards,Enrolled AI/AN Students,Enrolled AI/AN Students,,2021-22,629,
EBCI,New EBCI Reading Data,BIE State Education Agency Report Cards,Enrolled AI/AN Students,Enrolled AI/AN Students,,2022-23,601,
EBCI,New EBCI Reading Data,BIE State Education Agency Report Cards,Enrolled AI/AN Students,Enrolled AI/AN Students,,2023-24,610,
EBCI,New EBCI Reading Data,BIE State Education Agency Report Cards,Participation Rate,Participation Rate,,2015-16,1,0.9971
EBCI,New EBCI Reading Data,BIE State Education Agency Report Cards,Participation Rate,Participation Rate,,2019-20,--,
EBCI,New EBCI Reading Data,BIE State Education Agency Report Cards,Participation Rate,Participation Rate,,2020-21,0.9624,
EBCI,New EBCI Reading Data,BIE State Education Agency Report Cards,Participation Rate,Participation Rate,,2021-22,0.9235,
EBCI,New EBCI Reading Data,BIE State Education Agency Report Cards,Participation Rate,Participation Rate,,2022-23,0.994,
EBCI,New EBCI Reading Data,BIE State Education Agency Report Cards,Participation Rate,Participation Rate,,2023-24,0.9971,
EBCI,New EBCI Reading Data,BIE State Education Agency Report Cards,Basic,Basic,,2015-16,0.55,0.96
EBCI,New EBCI Reading Data,BIE State Education Agency Report Cards,Basic,Basic,,2019-20,--,
EBCI,New EBCI Reading Data,BIE State Education Agency Report Cards,Basic,Basic,,2020-21,0.78,
EBCI,New EBCI Reading Data,BIE State Education Agency Report Cards,Basic,Basic,,2021-22,0.83,
EBCI,New EBCI Reading Data,BIE State Education Agency Report Cards,Basic,Basic,,2022-23,0.85,
EBCI,New EBCI Reading Data,BIE State Education Agency Report Cards,Basic,Basic,,2023-24,0.96,
EBCI,New EBCI Reading Data,BIE State Education Agency Report Cards,Nearing Proficient,Nearing Proficient,,2015-16,0.21,0.06
EBCI,New EBCI Reading Data,BIE State Education Agency Report Cards,Nearing Proficient,Nearing Proficient,,2019-20,--,
EBCI,New EBCI Reading Data,BIE State Education Agency Report Cards,Nearing Proficient,Nearing Proficient,,2020-21,0.12,
EBCI,New EBCI Reading Data,BIE State Education Agency Report Cards,Nearing Proficient,Nearing Proficient,,2021-22,0.07,
EBCI,New EBCI Reading Data,BIE State Education Agency Report Cards,Nearing Proficient,Nearing Proficient,,2022-23,0.06,
EBCI,New EBCI Reading Data,BIE State Education Agency Report Cards,Nearing Proficient,Nearing Proficient,,2023-24,0.06,
EBCI,New EBCI Reading Data,BIE State Education Agency Report Cards,Proficient,Proficient,,2015-16,0.07,0.05
EBCI,New EBCI Reading Data,BIE State Education Agency Report Cards,Proficient,Proficient,,2019-20,--,
EBCI,New EBCI Reading Data,BIE State Education Agency Report Cards,Proficient,Proficient,,2020-21,0.07,
EBCI,New EBCI Reading Data,BIE State Education Agency Report Cards,Proficient,Proficient,,2021-22,0.07,
EBCI,New EBCI Reading Data,BIE State Education Agency Report Cards,Proficient,Proficient,,2022-23,0.06,
EBCI,New EBCI Reading Data,BIE State Education Agency Report Cards,Proficient,Proficient,,2023-24,0.05,
EBCI,New EBCI Reading Data,BIE State Education Agency Report Cards,Advanced,Advanced,,2015-16,0.17,--
EBCI,New EBCI Reading Data,BIE State Education Agency Report Cards,Advanced,Advanced,,2019-20,--,
EBCI,New EBCI Reading Data,BIE State Education Agency Report Cards,Advanced,Advanced,,2020-21,--,
EBCI,New EBCI Reading Data,BIE State Education Agency Report Cards,Advanced,Advanced,,2021-22,--,
EBCI,New EBCI Reading Data,BIE State Education Agency Report Cards,Advanced,Advanced,,2022-23,--,
EBCI,New EBCI Reading Data,BIE State Education Agency Report Cards,Advanced,Advanced,,2023-24,--,
SDP,New SDP Reading Data,New Mexico School District Report Cards – Santo Domingo Elementary,Santo Domingo Elementary,Early Literacy Assessment (K-2),All Students,2022-23,--,
SDP,New SDP Reading Data,New Mexico School District Report Cards – Santo Domingo Elementary,Santo Domingo Elementary,Early Literacy Assessment (K-2),All Students,2023-24,0.431,
SDP,New SDP Reading Data,New Mexico School District Report Cards – Santo Domingo Elementary,Santo Domingo Elementary,Early Literacy Assessment (K-2),All Students,2024-25,0.454,
SDP,New SDP Reading Data,New Mexico School District Report Cards – Santo Domingo Elementary,Bernalillo Public Schools,Early Literacy Assessment (K-2),All Students,2022-23,--,
SDP,New SDP Reading Data,New Mexico School District Report Cards – Santo Domingo Elementary,Bernalillo Public Schools,Early Literacy Assessment (K-2),All Students,2023-24,0.323,
SDP,New SDP Reading Data,New Mexico School District Report Cards – Santo Domingo Elementary,Bernalillo Public Schools,Early Literacy Assessment (K-2),All Students,2024-25,0.399,
SDP,New SDP Reading Data,New Mexico School District Report Cards – Santo Domingo Elementary,State of New Mexico,Early Literacy Assessment (K-2),All Students,2022-23,--,
SDP,New SDP Reading Data,New Mexico School District Report Cards – Santo Domingo Elementary,State of New Mexico,Early Literacy Assessment (K-2),All Students,2023-24,0.346,
SDP,New SDP Reading Data,New Mexico School District Report Cards – Santo Domingo Elementary,State of New Mexico,Early Literacy Assessment (K-2),All Students,2024-25,0.405,
SDP,New SDP Reading Data,New Mexico School District Report Cards – Santo Domingo Elementary,Santo Domingo Elementary,Early Literacy Assessment (K-2),NA Students,2022-23,--,
SDP,New SDP Reading Data,New Mexico School District Report Cards – Santo Domingo Elementary,Santo Domingo Elementary,Early Literacy Assessment (K-2),NA Students,2023-24,0.442,
SDP,New SDP Reading Data,New Mexico School District Report Cards – Santo Domingo Elementary,Santo Domingo Elementary,Early Literacy Assessment (K-2),NA Students,2024-25,0.476,
SDP,New SDP Reading Data,New Mexico School District Report Cards – Santo Domingo Elementary,Bernalillo Public Schools,Early Literacy Assessment (K-2),NA Students,2022-23,--,
SDP,New SDP Reading Data,New Mexico School District Report Cards – Santo Domingo Elementary,Bernalillo Public Schools,Early Literacy Assessment (K-2),NA Students,2023-24,0.279,
SDP,New SDP Reading Data,New Mexico School District Report Cards – Santo Domingo Elementary,Bernalillo Public Schools,Early Literacy Assessment (K-2),NA Students,2024-25,0.37,
SDP,New SDP Reading Data,New Mexico School District Report Cards – Santo Domingo Elementary,State of New Mexico,Early Literacy Assessment (K-2),NA Students,2022-23,--,
SDP,New SDP Reading Data,New Mexico School District Report Cards – Santo Domingo Elementary,State of New Mexico,Early Literacy Assessment (K-2),NA Students,2023-24,0.249,
SDP,New SDP Reading Data,New Mexico School District Report Cards – Santo Domingo Elementary,State of New Mexico,Early Literacy Assessment (K-2),NA Students,2024-25,0.301,
SDP,New SDP Reading Data,New Mexico School District Report Cards – Santo Domingo Elementary,Santo Domingo Elementary,Overall Reading Proficiency (Grades 3-5),All Students,2022-23,0.07,
SDP,New SDP Reading Data,New Mexico School District Report Cards – Santo Domingo Elementary,Santo Domingo Elementary,Overall Reading Proficiency (Grades 3-5),All Students,2023-24,0.19,
SDP,New SDP Reading Data,New Mexico School District Report Cards – Santo Domingo Elementary,Santo Domingo Elementary,Overall Reading Proficiency (Grades 3-5),All Students,2024-25,0.202,
SDP,New SDP Reading Data,New Mexico School District Report Cards – Santo Domingo Elementary,Bernalillo Public Schools,Overall Reading Proficiency (Grades 3-8),All Students,2022-23,0.26,
SDP,New SDP Reading Data,New Mexico School District Report Cards – Santo Domingo Elementary,Bernalillo Public Schools,Overall Reading Proficiency (Grades 3-8),All Students,2023-24,0.283,
SDP,New SDP Reading Data,New Mexico School District Report Cards – Santo Domingo Elementary,Bernalillo Public Schools,Overall Reading Proficiency (Grades 3-8),All Students,2024-25,0.329,
SDP,New SDP Reading Data,New Mexico School District Report Cards – Santo Domingo Elementary,State of New Mexico,Overall Reading Proficiency (Grades 3-8),All Students,2022-23,0.38,
SDP,New SDP Reading Data,New Mexico School District Report Cards – Santo Domingo Elementary,State of New Mexico,Overall Reading Proficiency (Grades 3-8),All Students,2023-24,0.389,
SDP,New SDP Reading Data,New Mexico School District Report Cards – Santo Domingo Elementary,State of New Mexico,Overall Reading Proficiency (Grades 3-8),All Students,2024-25,0.431,
SDP,New SDP Reading Data,New Mexico School District Report Cards – Santo Domingo Elementary,Santo Domingo Elementary,Overall Reading Proficiency (Grades 3-5),NA Students,2022-23,0.08,
SDP,New SDP Reading Data,New Mexico School District Report Cards – Santo Domingo Elementary,Santo Domingo Elementary,Overall Reading Proficiency (Grades 3-5),NA Students,2023-24,0.2,
SDP,New SDP Reading Data,New Mexico School District Report Cards – Santo Domingo Elementary,Santo Domingo Elementary,Overall Reading Proficiency (Grades 3-5),NA Students,2024-25,19.3.%,
SDP,New SDP Reading Data,New Mexico School District Report Cards – Santo Domingo Elementary,Bernalillo Public Schools,Overall Reading Proficiency (Grades 3-8),NA Students,2022-23,0.19,
SDP,New SDP Reading Data,New Mexico School District Report Cards – Santo Domingo Elementary,Bernalillo Public Schools,Overall Reading Proficiency (Grades 3-8),NA Students,2023-24,0.21,
SDP,New SDP Reading Data,New Mexico School District Report Cards – Santo Domingo Elementary,Bernalillo Public Schools,Overall Reading Proficiency (Grades 3-8),NA Students,2024-25,0.242,
SDP,New SDP Reading Data,New Mexico School District Report Cards – Santo Domingo Elementary,State of New Mexico,Overall Reading Proficiency (Grades 3-8),NA Students,2022-23,0.23,
SDP,New SDP Reading Data,New Mexico School District Report Cards – Santo Domingo Elementary,State of New Mexico,Overall Reading Proficiency (Grades 3-8),NA Students,2023-24,0.253,
SDP,New SDP Reading Data,New Mexico School District Report Cards – Santo Domingo Elementary,State of New Mexico,Overall Reading Proficiency (Grades 3-8),NA Students,2024-25,0.299,
SDP,New SDP Reading Data,New Mexico School District Report Cards – Santo Domingo Elementary,Santo Domingo Elementary,All Student Test Participation (Grades 3-8),,2022-23,	≥ 98.0%,
SDP,New SDP Reading Data,New Mexico School District Report Cards – Santo Domingo Elementary,Santo Domingo Elementary,All Student Test Participation (Grades 3-8),,2023-24,≥ 98.0%,
SDP,New SDP Reading Data,New Mexico School District Report Cards – Santo Domingo Elementary,Santo Domingo Elementary,All Student Test Participation (Grades 3-8),,2024-25,	≥ 95.0%,
SDP,New SDP Reading Data,New Mexico School District Report Cards – Santo Domingo Elementary,Santo Domingo Elementary,NA Student Test Participation (Grades 3-8),,2022-23,	≥ 98.0%,
SDP,New SDP Reading Data,New Mexico School District Report Cards – Santo Domingo Elementary,Santo Domingo Elementary,NA Student Test Participation (Grades 3-8),,2023-24,	≥ 95.0%,
SDP,New SDP Reading Data,New Mexico School District Report Cards – Santo Domingo Elementary,Santo Domingo Elementary,NA Student Test Participation (Grades 3-8),,2024-25,	≥ 95.0%,
SDP,New SDP Reading Data,New Mexico School District Report Cards – Santo Domingo Elementary,Santo Domingo Elementary,Total Student Enrollment,,2022-23,246,
SDP,New SDP Reading Data,New Mexico School District Report Cards – Santo Domingo Elementary,Santo Domingo Elementary,Total Student Enrollment,,2023-24,217,
SDP,New SDP Reading Data,New Mexico School District Report Cards – Santo Domingo Elementary,Santo Domingo Elementary,Total Student Enrollment,,2024-25,207,
SDP,New SDP Reading Data,New Mexico School District Report Cards – Santo Domingo Elementary,Kindergarten Student Enrollment,Kindergarten Student Enrollment,,2022-23,43,Data collected from the NCES Elementary/Secondary Information System (ElSi) tableGenerator
SDP,New SDP Reading Data,New Mexico School District Report Cards – Santo Domingo Elementary,Kindergarten Student Enrollment,Kindergarten Student Enrollment,,2023-24,33,
SDP,New SDP Reading Data,New Mexico School District Report Cards – Santo Domingo Elementary,Kindergarten Student Enrollment,Kindergarten Student Enrollment,,2024-25,27,
SDP,New SDP Reading Data,New Mexico School District Report Cards – Santo Domingo Elementary,Grade 4 Student Enrollment,Grade 4 Student Enrollment,,2022-23,42,
SDP,New SDP Reading Data,New Mexico School District Report Cards – Santo Domingo Elementary,Grade 4 Student Enrollment,Grade 4 Student Enrollment,,2023-24,40,
SDP,New SDP Reading Data,New Mexico School District Report Cards – Santo Domingo Elementary,Grade 4 Student Enrollment,Grade 4 Student Enrollment,,2024-25,42,
SDP,New SDP Reading Data,New Mexico School District Report Cards – Santo Domingo Elementary,AI/AN Student Enrollment,AI/AN Student Enrollment,,2022-23,241,
SDP,New SDP Reading Data,New Mexico School District Report Cards – Santo Domingo Elementary,AI/AN Student Enrollment,AI/AN Student Enrollment,,2023-24,207,
SDP,New SDP Reading Data,New Mexico School District Report Cards – Santo Domingo Elementary,AI/AN Student Enrollment,AI/AN Student Enrollment,,2024-25,182,
SDP,New SDP Reading Data,New Mexico School District Report Cards – Santo Domingo Elementary,Total Student Enrollment,Total Student Enrollment,,2022-23,246,
SDP,New SDP Reading Data,New Mexico School District Report Cards – Santo Domingo Elementary,Total Student Enrollment,Total Student Enrollment,,2023-24,220,
SDP,New SDP Reading Data,New Mexico School District Report Cards – Santo Domingo Elementary,Total Student Enrollment,Total Student Enrollment,,2024-25,206,
Yurok,New Yurok Reading Data,,CAASPP ELA – Percent Met or Exceeded (Grade 4),All Students,,2018-19,0.25,"Some data gathered from California School Dashboard:
2019-20 
2020-21
2021-22
2022-23
2023-24
2024-25
2025-56"
Yurok,New Yurok Reading Data,,CAASPP ELA – Percent Met or Exceeded (Grade 4),All Students,,2019-20,--,
Yurok,New Yurok Reading Data,,CAASPP ELA – Percent Met or Exceeded (Grade 4),All Students,,2020-21,--,
Yurok,New Yurok Reading Data,,CAASPP ELA – Percent Met or Exceeded (Grade 4),All Students,,2021-22,*,
Yurok,New Yurok Reading Data,,CAASPP ELA – Percent Met or Exceeded (Grade 4),All Students,,2022-23,0.0667,
Yurok,New Yurok Reading Data,,CAASPP ELA – Percent Met or Exceeded (Grade 4),All Students,,2023-24,0.1538,
Yurok,New Yurok Reading Data,,CAASPP ELA – Percent Met or Exceeded (Grade 4),All Students,,2024-25,0.1764,
Yurok,New Yurok Reading Data,,CAASPP ELA – Students Tested (Grade 4),All Students,,2018-19,12,
Yurok,New Yurok Reading Data,,CAASPP ELA – Students Tested (Grade 4),All Students,,2019-20,--,
Yurok,New Yurok Reading Data,,CAASPP ELA – Students Tested (Grade 4),All Students,,2020-21,0,
Yurok,New Yurok Reading Data,,CAASPP ELA – Students Tested (Grade 4),All Students,,2021-22,10,
Yurok,New Yurok Reading Data,,CAASPP ELA – Students Tested (Grade 4),All Students,,2022-23,15,
Yurok,New Yurok Reading Data,,CAASPP ELA – Students Tested (Grade 4),All Students,,2023-24,13,
Yurok,New Yurok Reading Data,,CAASPP ELA – Students Tested (Grade 4),All Students,,2024-25,17,
Yurok,New Yurok Reading Data,,CAASPP ELA – Percent Met or Exceeded (Grade 4),AI/AN Students,,2018-19,*,
Yurok,New Yurok Reading Data,,CAASPP ELA – Percent Met or Exceeded (Grade 4),AI/AN Students,,2019-20,--,
Yurok,New Yurok Reading Data,,CAASPP ELA – Percent Met or Exceeded (Grade 4),AI/AN Students,,2020-21,--,
Yurok,New Yurok Reading Data,,CAASPP ELA – Percent Met or Exceeded (Grade 4),AI/AN Students,,2021-22,*,
Yurok,New Yurok Reading Data,,CAASPP ELA – Percent Met or Exceeded (Grade 4),AI/AN Students,,2022-23,*,
Yurok,New Yurok Reading Data,,CAASPP ELA – Percent Met or Exceeded (Grade 4),AI/AN Students,,2023-24,*,
Yurok,New Yurok Reading Data,,CAASPP ELA – Percent Met or Exceeded (Grade 4),AI/AN Students,,2024-25,*,
Yurok,New Yurok Reading Data,,CAASPP ELA – Students Tested (Grade 4),AI/AN Students,,2018-19,7,
Yurok,New Yurok Reading Data,,CAASPP ELA – Students Tested (Grade 4),AI/AN Students,,2019-20,--,
Yurok,New Yurok Reading Data,,CAASPP ELA – Students Tested (Grade 4),AI/AN Students,,2020-21,0,
Yurok,New Yurok Reading Data,,CAASPP ELA – Students Tested (Grade 4),AI/AN Students,,2021-22,7,
Yurok,New Yurok Reading Data,,CAASPP ELA – Students Tested (Grade 4),AI/AN Students,,2022-23,9,
Yurok,New Yurok Reading Data,,CAASPP ELA – Students Tested (Grade 4),AI/AN Students,,2023-24,8,
Yurok,New Yurok Reading Data,,CAASPP ELA – Students Tested (Grade 4),AI/AN Students,,2024-25,9,
Yurok,New Yurok Reading Data,,CAASPP ELA – Percent Met or Exceeded (Grades 3-6),All Students,,2018-19,0.2121,
Yurok,New Yurok Reading Data,,CAASPP ELA – Percent Met or Exceeded (Grades 3-6),All Students,,2019-20,--,
Yurok,New Yurok Reading Data,,CAASPP ELA – Percent Met or Exceeded (Grades 3-6),All Students,,2020-21,--,
Yurok,New Yurok Reading Data,,CAASPP ELA – Percent Met or Exceeded (Grades 3-6),All Students,,2021-22,--,
Yurok,New Yurok Reading Data,,CAASPP ELA – Percent Met or Exceeded (Grades 3-6),All Students,,2022-23,0.0233,
Yurok,New Yurok Reading Data,,CAASPP ELA – Percent Met or Exceeded (Grades 3-6),All Students,,2023-24,0.102,
Yurok,New Yurok Reading Data,,CAASPP ELA – Percent Met or Exceeded (Grades 3-6),All Students,,2024-25,0.0976,
Yurok,New Yurok Reading Data,,CAASPP ELA – Percent Met or Exceeded (Grades 3-6),All Students,,2025-26,0.1633,
Yurok,New Yurok Reading Data,,CAASPP ELA – Percent Met or Exceeded (Grades 3-6),AI/AN Students,,2018-19,0.15,
Yurok,New Yurok Reading Data,,CAASPP ELA – Percent Met or Exceeded (Grades 3-6),AI/AN Students,,2019-20,--,
Yurok,New Yurok Reading Data,,CAASPP ELA – Percent Met or Exceeded (Grades 3-6),AI/AN Students,,2020-21,--,
Yurok,New Yurok Reading Data,,CAASPP ELA – Percent Met or Exceeded (Grades 3-6),AI/AN Students,,2021-22,--,
Yurok,New Yurok Reading Data,,CAASPP ELA – Percent Met or Exceeded (Grades 3-6),AI/AN Students,,2022-23,0.0345,
Yurok,New Yurok Reading Data,,CAASPP ELA – Percent Met or Exceeded (Grades 3-6),AI/AN Students,,2023-24,0.069,
Yurok,New Yurok Reading Data,,CAASPP ELA – Percent Met or Exceeded (Grades 3-6),AI/AN Students,,2024-25,0,
Yurok,New Yurok Reading Data,,CAASPP ELA – Percent Met or Exceeded (Grades 3-6),AI/AN Students,,2025-26,0.037,
Yurok,New Yurok Reading Data,,CAASPP ELA – Percent Tested (Grades 3-6),All Students,,2018-19,0.9429,
Yurok,New Yurok Reading Data,,CAASPP ELA – Percent Tested (Grades 3-6),All Students,,2019-20,--,
Yurok,New Yurok Reading Data,,CAASPP ELA – Percent Tested (Grades 3-6),All Students,,2020-21,--,
Yurok,New Yurok Reading Data,,CAASPP ELA – Percent Tested (Grades 3-6),All Students,,2021-22,--,
Yurok,New Yurok Reading Data,,CAASPP ELA – Percent Tested (Grades 3-6),All Students,,2022-23,0.9556,
Yurok,New Yurok Reading Data,,CAASPP ELA – Percent Tested (Grades 3-6),All Students,,2023-24,1,
Yurok,New Yurok Reading Data,,CAASPP ELA – Percent Tested (Grades 3-6),All Students,,2024-25,0.9535,
Yurok,New Yurok Reading Data,,CAASPP ELA – Percent Tested (Grades 3-6),All Students,,2025-26,0.98,
Yurok,New Yurok Reading Data,,CAASPP ELA – Percent Tested (Grades 3-6),AI/AN Students,,2018-19,0.9524,
Yurok,New Yurok Reading Data,,CAASPP ELA – Percent Tested (Grades 3-6),AI/AN Students,,2019-20,--,
Yurok,New Yurok Reading Data,,CAASPP ELA – Percent Tested (Grades 3-6),AI/AN Students,,2020-21,--,
Yurok,New Yurok Reading Data,,CAASPP ELA – Percent Tested (Grades 3-6),AI/AN Students,,2021-22,--,
Yurok,New Yurok Reading Data,,CAASPP ELA – Percent Tested (Grades 3-6),AI/AN Students,,2022-23,0.9355,
Yurok,New Yurok Reading Data,,CAASPP ELA – Percent Tested (Grades 3-6),AI/AN Students,,2023-24,1,
Yurok,New Yurok Reading Data,,CAASPP ELA – Percent Tested (Grades 3-6),AI/AN Students,,2024-25,0.9583,
Yurok,New Yurok Reading Data,,CAASPP ELA – Percent Tested (Grades 3-6),AI/AN Students,,2025-26,1,
Yurok,New Yurok Reading Data,,Kindergarten Student Enrollment,Kindergarten Student Enrollment,,2018-19,17,
Yurok,New Yurok Reading Data,,Kindergarten Student Enrollment,Kindergarten Student Enrollment,,2019-20,22,
Yurok,New Yurok Reading Data,,Kindergarten Student Enrollment,Kindergarten Student Enrollment,,2020-21,24,
Yurok,New Yurok Reading Data,,Kindergarten Student Enrollment,Kindergarten Student Enrollment,,2021-22,23,
Yurok,New Yurok Reading Data,,Kindergarten Student Enrollment,Kindergarten Student Enrollment,,2022-23,18,
Yurok,New Yurok Reading Data,,Kindergarten Student Enrollment,Kindergarten Student Enrollment,,2023-24,11,
Yurok,New Yurok Reading Data,,Kindergarten Student Enrollment,Kindergarten Student Enrollment,,2024-25,17,
Yurok,New Yurok Reading Data,,Kindergarten Student Enrollment,Kindergarten Student Enrollment,,2025-26,18,
Yurok,New Yurok Reading Data,,Grade 4 Student Enrollment,Grade 4 Student Enrollment,,2018-19,11,
Yurok,New Yurok Reading Data,,Grade 4 Student Enrollment,Grade 4 Student Enrollment,,2019-20,14,
Yurok,New Yurok Reading Data,,Grade 4 Student Enrollment,Grade 4 Student Enrollment,,2020-21,7,
Yurok,New Yurok Reading Data,,Grade 4 Student Enrollment,Grade 4 Student Enrollment,,2021-22,18,
Yurok,New Yurok Reading Data,,Grade 4 Student Enrollment,Grade 4 Student Enrollment,,2022-23,11,
Yurok,New Yurok Reading Data,,Grade 4 Student Enrollment,Grade 4 Student Enrollment,,2023-24,15,
Yurok,New Yurok Reading Data,,Grade 4 Student Enrollment,Grade 4 Student Enrollment,,2024-25,16,
Yurok,New Yurok Reading Data,,Grade 4 Student Enrollment,Grade 4 Student Enrollment,,2025-26,17,
Yurok,New Yurok Reading Data,,AI/AN Student Enrollment,AI/AN Student Enrollment,,2018-19,62,
Yurok,New Yurok Reading Data,,AI/AN Student Enrollment,AI/AN Student Enrollment,,2019-20,65,
Yurok,New Yurok Reading Data,,AI/AN Student Enrollment,AI/AN Student Enrollment,,2020-21,68,
Yurok,New Yurok Reading Data,,AI/AN Student Enrollment,AI/AN Student Enrollment,,2021-22,75,
Yurok,New Yurok Reading Data,,AI/AN Student Enrollment,AI/AN Student Enrollment,,2022-23,64,
Yurok,New Yurok Reading Data,,AI/AN Student Enrollment,AI/AN Student Enrollment,,2023-24,56,
Yurok,New Yurok Reading Data,,AI/AN Student Enrollment,AI/AN Student Enrollment,,2024-25,50,
Yurok,New Yurok Reading Data,,AI/AN Student Enrollment,AI/AN Student Enrollment,,2025-26,49,
Yurok,New Yurok Reading Data,,Total Student Enrollment,Total Student Enrollment,,2018-19,92,
Yurok,New Yurok Reading Data,,Total Student Enrollment,Total Student Enrollment,,2019-20,96,
Yurok,New Yurok Reading Data,,Total Student Enrollment,Total Student Enrollment,,2020-21,107,
Yurok,New Yurok Reading Data,,Total Student Enrollment,Total Student Enrollment,,2021-22,104,
Yurok,New Yurok Reading Data,,Total Student Enrollment,Total Student Enrollment,,2022-23,98,
Yurok,New Yurok Reading Data,,Total Student Enrollment,Total Student Enrollment,,2023-24,95,
Yurok,New Yurok Reading Data,,Total Student Enrollment,Total Student Enrollment,,2024-25,95,
Yurok,New Yurok Reading Data,,Total Student Enrollment,Total Student Enrollment,,2025-26,86,
NC,New NC Reading Data,ESSA School Report Card – Lame Deer Elementary School,ELA – Percent Proficient or Advanced (Grades 3-6),All Students,,2017-18,0.05,
NC,New NC Reading Data,ESSA School Report Card – Lame Deer Elementary School,ELA – Percent Proficient or Advanced (Grades 3-6),All Students,,2018-19,0.03,
NC,New NC Reading Data,ESSA School Report Card – Lame Deer Elementary School,ELA – Percent Proficient or Advanced (Grades 3-6),All Students,,2019-20,--,
NC,New NC Reading Data,ESSA School Report Card – Lame Deer Elementary School,ELA – Percent Proficient or Advanced (Grades 3-6),All Students,,2020-21,0.02,
NC,New NC Reading Data,ESSA School Report Card – Lame Deer Elementary School,ELA – Percent Proficient or Advanced (Grades 3-6),All Students,,2021-22,0.03,
NC,New NC Reading Data,ESSA School Report Card – Lame Deer Elementary School,ELA – Percent Proficient or Advanced (Grades 3-6),All Students,,2022-23,0.02,
NC,New NC Reading Data,ESSA School Report Card – Lame Deer Elementary School,ELA – Percent Proficient or Advanced (Grades 3-6),All Students,,2023-24,0.01,
NC,New NC Reading Data,ESSA School Report Card – Lame Deer Elementary School,ELA – Percent Proficient or Advanced (Grades 3-6),All Students,,2024-25,0.02,
NC,New NC Reading Data,ESSA School Report Card – Lame Deer Elementary School,Kindergarten Student Enrollment,Kindergarten Student Enrollment,,2017-18,43,Data collected from the NCES Elementary/Secondary Information System (ElSi) tableGenerator
NC,New NC Reading Data,ESSA School Report Card – Lame Deer Elementary School,Kindergarten Student Enrollment,Kindergarten Student Enrollment,,2018-19,53,
NC,New NC Reading Data,ESSA School Report Card – Lame Deer Elementary School,Kindergarten Student Enrollment,Kindergarten Student Enrollment,,2019-20,54,
NC,New NC Reading Data,ESSA School Report Card – Lame Deer Elementary School,Kindergarten Student Enrollment,Kindergarten Student Enrollment,,2020-21,21,
NC,New NC Reading Data,ESSA School Report Card – Lame Deer Elementary School,Kindergarten Student Enrollment,Kindergarten Student Enrollment,,2021-22,38,
NC,New NC Reading Data,ESSA School Report Card – Lame Deer Elementary School,Kindergarten Student Enrollment,Kindergarten Student Enrollment,,2022-23,42,
NC,New NC Reading Data,ESSA School Report Card – Lame Deer Elementary School,Kindergarten Student Enrollment,Kindergarten Student Enrollment,,2023-24,43,
NC,New NC Reading Data,ESSA School Report Card – Lame Deer Elementary School,Kindergarten Student Enrollment,Kindergarten Student Enrollment,,2024-25,40,
NC,New NC Reading Data,ESSA School Report Card – Lame Deer Elementary School,Grade 4 Student Enrollment,Grade 4 Student Enrollment,,2017-18,45,
NC,New NC Reading Data,ESSA School Report Card – Lame Deer Elementary School,Grade 4 Student Enrollment,Grade 4 Student Enrollment,,2018-19,40,
NC,New NC Reading Data,ESSA School Report Card – Lame Deer Elementary School,Grade 4 Student Enrollment,Grade 4 Student Enrollment,,2019-20,47,
NC,New NC Reading Data,ESSA School Report Card – Lame Deer Elementary School,Grade 4 Student Enrollment,Grade 4 Student Enrollment,,2020-21,38,
NC,New NC Reading Data,ESSA School Report Card – Lame Deer Elementary School,Grade 4 Student Enrollment,Grade 4 Student Enrollment,,2021-22,39,
NC,New NC Reading Data,ESSA School Report Card – Lame Deer Elementary School,Grade 4 Student Enrollment,Grade 4 Student Enrollment,,2022-23,33,
NC,New NC Reading Data,ESSA School Report Card – Lame Deer Elementary School,Grade 4 Student Enrollment,Grade 4 Student Enrollment,,2023-24,53,
NC,New NC Reading Data,ESSA School Report Card – Lame Deer Elementary School,Grade 4 Student Enrollment,Grade 4 Student Enrollment,,2024-25,37,
NC,New NC Reading Data,ESSA School Report Card – Lame Deer Elementary School,AI/AN Student Enrollment,AI/AN Student Enrollment,,2017-18,293,
NC,New NC Reading Data,ESSA School Report Card – Lame Deer Elementary School,AI/AN Student Enrollment,AI/AN Student Enrollment,,2018-19,300,
NC,New NC Reading Data,ESSA School Report Card – Lame Deer Elementary School,AI/AN Student Enrollment,AI/AN Student Enrollment,,2019-20,299,
NC,New NC Reading Data,ESSA School Report Card – Lame Deer Elementary School,AI/AN Student Enrollment,AI/AN Student Enrollment,,2020-21,278,
NC,New NC Reading Data,ESSA School Report Card – Lame Deer Elementary School,AI/AN Student Enrollment,AI/AN Student Enrollment,,2021-22,271,
NC,New NC Reading Data,ESSA School Report Card – Lame Deer Elementary School,AI/AN Student Enrollment,AI/AN Student Enrollment,,2022-23,278,
NC,New NC Reading Data,ESSA School Report Card – Lame Deer Elementary School,AI/AN Student Enrollment,AI/AN Student Enrollment,,2023-24,295,
NC,New NC Reading Data,ESSA School Report Card – Lame Deer Elementary School,AI/AN Student Enrollment,AI/AN Student Enrollment,,2024-25,263,
NC,New NC Reading Data,ESSA School Report Card – Lame Deer Elementary School,Total Student Enrollment,Total Student Enrollment,,2017-18,309,
NC,New NC Reading Data,ESSA School Report Card – Lame Deer Elementary School,Total Student Enrollment,Total Student Enrollment,,2018-19,315,
NC,New NC Reading Data,ESSA School Report Card – Lame Deer Elementary School,Total Student Enrollment,Total Student Enrollment,,2019-20,312,
NC,New NC Reading Data,ESSA School Report Card – Lame Deer Elementary School,Total Student Enrollment,Total Student Enrollment,,2020-21,287,
NC,New NC Reading Data,ESSA School Report Card – Lame Deer Elementary School,Total Student Enrollment,Total Student Enrollment,,2021-22,280,
NC,New NC Reading Data,ESSA School Report Card – Lame Deer Elementary School,Total Student Enrollment,Total Student Enrollment,,2022-23,293,
NC,New NC Reading Data,ESSA School Report Card – Lame Deer Elementary School,Total Student Enrollment,Total Student Enrollment,,2023-24,309,
NC,New NC Reading Data,ESSA School Report Card – Lame Deer Elementary School,Total Student Enrollment,Total Student Enrollment,,2024-25,278,
